"","frac","Z","Lineage"
"9","0.15987460815047",436.160900849845,"d__Bacteria;p__Bacteroidota;c__Bacteroidia;o__Bacteroidales;f__Bacteroidaceae;g__Bacteroides;s__Bacteroides uniformis"
"12","0.149592549476135",309.132847055939,"d__Bacteria;p__Bacteroidota;c__Bacteroidia;o__Bacteroidales;f__Bacteroidaceae;g__Phocaeicola;s__Phocaeicola dorei"
"18","0.150694444444444",115.728003009187,"d__Bacteria;p__Bacteroidota;c__Bacteroidia;o__Bacteroidales;f__Rikenellaceae;g__Alistipes;s__Alistipes putredinis"
"42","0.520224719101124",97.4437951840991,"d__Bacteria;p__Firmicutes_A;c__Clostridia;o__Oscillospirales;f__Acutalibacteraceae;g__Ruminococcus_E;s__Ruminococcus_E sp003526955"
"19","0.139489194499018",66.8137193257635,"d__Bacteria;p__Bacteroidota;c__Bacteroidia;o__Bacteroidales;f__Tannerellaceae;g__Parabacteroides;s__Parabacteroides distasonis"
"40","0.137834036568214",43.4938707111705,"d__Bacteria;p__Firmicutes_A;c__Clostridia;o__Oscillospirales;f__Acutalibacteraceae;g__Ruminococcus_E;s__Ruminococcus_E bromii_B"
"34","0.146794150731159",36.1452957530795,"d__Bacteria;p__Firmicutes_A;c__Clostridia;o__Lachnospirales;f__Lachnospiraceae;g__Lachnospira;s__Lachnospira eligens_A"
"7","0.266355140186916",31.2256773383443,"d__Bacteria;p__Bacteroidota;c__Bacteroidia;o__Bacteroidales;f__Bacteroidaceae;g__Bacteroides;s__Bacteroides ovatus"
"33","0.138127853881279",31.0769822378832,"d__Bacteria;p__Firmicutes_A;c__Clostridia;o__Lachnospirales;f__Lachnospiraceae;g__Fusicatenibacter;s__Fusicatenibacter saccharivorans"
"46","0.129815303430079",30.6318308564508,"d__Bacteria;p__Firmicutes_A;c__Clostridia;o__Oscillospirales;f__Ruminococcaceae;g__Gemmiger;s__Gemmiger qucibialis"
"8","0.238429172510519",29.1982300938509,"d__Bacteria;p__Bacteroidota;c__Bacteroidia;o__Bacteroidales;f__Bacteroidaceae;g__Bacteroides;s__Bacteroides stercoris"
"48","0.126637554585153",27.2986498558198,"d__Bacteria;p__Firmicutes_A;c__Clostridia;o__Oscillospirales;f__Ruminococcaceae;g__Ruminococcus_D;s__Ruminococcus_D bicirculans"
"2","0.13296568627451",25.6860038249722,"d__Bacteria;p__Actinobacteriota;c__Actinomycetia;o__Actinomycetales;f__Bifidobacteriaceae;g__Bifidobacterium;s__Bifidobacterium infantis"
"1","0.142259414225941",24.9904306706999,"d__Bacteria;p__Actinobacteriota;c__Actinomycetia;o__Actinomycetales;f__Bifidobacteriaceae;g__Bifidobacterium;s__Bifidobacterium adolescentis"
"10","0.4",23.7520716779375,"d__Bacteria;p__Bacteroidota;c__Bacteroidia;o__Bacteroidales;f__Bacteroidaceae;g__Bacteroides;s__Bacteroides xylanisolvens"
"14","0.244230769230769",23.248500479409,"d__Bacteria;p__Bacteroidota;c__Bacteroidia;o__Bacteroidales;f__Bacteroidaceae;g__Phocaeicola;s__Phocaeicola plebeius_A"
"24","0.126283987915408",23.2018247516276,"d__Bacteria;p__Firmicutes_A;c__Clostridia;o__Lachnospirales;f__Lachnospiraceae;g__Agathobacter;s__Agathobacter faecis"
"41","0.724137931034483",21.4376380754848,"d__Bacteria;p__Firmicutes_A;c__Clostridia;o__Oscillospirales;f__Acutalibacteraceae;g__Ruminococcus_E;s__Ruminococcus_E sp003438075"
"44","0.119244391971665",20.7301584210805,"d__Bacteria;p__Firmicutes_A;c__Clostridia;o__Oscillospirales;f__Ruminococcaceae;g__Faecalibacterium;s__Faecalibacterium prausnitzii_G"
"55","0.127183787561146",19.3560306761313,"d__Bacteria;p__Verrucomicrobiota;c__Verrucomicrobiae;o__Verrucomicrobiales;f__Akkermansiaceae;g__Akkermansia;s__Akkermansia muciniphila"
"43","0.139748953974895",19.3186823354879,"d__Bacteria;p__Firmicutes_A;c__Clostridia;o__Oscillospirales;f__Oscillospiraceae;g__ER4;s__ER4 sp000765235"
"16","0.124236252545825",18.9668574635146,"d__Bacteria;p__Bacteroidota;c__Bacteroidia;o__Bacteroidales;f__Barnesiellaceae;g__Barnesiella;s__Barnesiella intestinihominis"
"37","0.188767550702028",18.5555612879806,"d__Bacteria;p__Firmicutes_A;c__Clostridia;o__Lachnospirales;f__Lachnospiraceae;g__Roseburia;s__Roseburia sp900552665"
"17","0.136248948696384",18.1745185701931,"d__Bacteria;p__Bacteroidota;c__Bacteroidia;o__Bacteroidales;f__Rikenellaceae;g__Alistipes;s__Alistipes onderdonkii"
"49","0.479591836734694",18.1340373380144,"d__Bacteria;p__Firmicutes_A;c__Clostridia;o__TANB77;f__CAG-465;g__CAG-465;s__CAG-465 sp000433755"
"25","0.11703511053316",17.1693912194212,"d__Bacteria;p__Firmicutes_A;c__Clostridia;o__Lachnospirales;f__Lachnospiraceae;g__Anaerostipes;s__Anaerostipes hadrus"
"11","0.242857142857143",17.1274511808839,"d__Bacteria;p__Bacteroidota;c__Bacteroidia;o__Bacteroidales;f__Bacteroidaceae;g__Phocaeicola;s__Phocaeicola coprocola"
"15","0.118447923757658",16.6878090553709,"d__Bacteria;p__Bacteroidota;c__Bacteroidia;o__Bacteroidales;f__Bacteroidaceae;g__Prevotella;s__Prevotella sp900557255"
"38","0.140546006066734",15.9709950872261,"d__Bacteria;p__Firmicutes_A;c__Clostridia;o__Oscillospirales;f__Acutalibacteraceae;g__CAG-177;s__CAG-177 sp003514385"
"22","0.130172413793103",15.9318942600883,"d__Bacteria;p__Firmicutes_A;c__Clostridia_A;o__Christensenellales;f__CAG-74;g__UBA11524;s__UBA11524 sp000437595"
"5","0.171749598715891",15.4117418574162,"d__Bacteria;p__Bacteroidota;c__Bacteroidia;o__Bacteroidales;f__Bacteroidaceae;g__Bacteroides;s__Bacteroides fragilis"
"36","0.142088266953714",15.3543226606509,"d__Bacteria;p__Firmicutes_A;c__Clostridia;o__Lachnospirales;f__Lachnospiraceae;g__Mediterraneibacter;s__Mediterraneibacter torques"
"45","0.120689655172414",14.7269742045256,"d__Bacteria;p__Firmicutes_A;c__Clostridia;o__Oscillospirales;f__Ruminococcaceae;g__Gemmiger;s__Gemmiger formicilis"
"23","0.127337488869101",14.5873455792887,"d__Bacteria;p__Firmicutes_A;c__Clostridia;o__Lachnospirales;f__Lachnospiraceae;g__Acetatifactor;s__Acetatifactor sp900066565"
"13","0.223926380368098",14.4500388962095,"d__Bacteria;p__Bacteroidota;c__Bacteroidia;o__Bacteroidales;f__Bacteroidaceae;g__Phocaeicola;s__Phocaeicola massiliensis"
"26","0.11984126984127",14.2420336619802,"d__Bacteria;p__Firmicutes_A;c__Clostridia;o__Lachnospirales;f__Lachnospiraceae;g__Blautia_A;s__Blautia_A wexlerae_A"
"30","0.13588110403397",14.1311564339608,"d__Bacteria;p__Firmicutes_A;c__Clostridia;o__Lachnospirales;f__Lachnospiraceae;g__Coprococcus;s__Coprococcus eutactus_A"
"6","0.434210526315789",13.8644860062537,"d__Bacteria;p__Bacteroidota;c__Bacteroidia;o__Bacteroidales;f__Bacteroidaceae;g__Bacteroides;s__Bacteroides fragilis_A"
"32","0.217791411042945",13.8556953480067,"d__Bacteria;p__Firmicutes_A;c__Clostridia;o__Lachnospirales;f__Lachnospiraceae;g__Eubacterium_G;s__Eubacterium_G ventriosum"
"35","0.125343092406221",13.6292953173765,"d__Bacteria;p__Firmicutes_A;c__Clostridia;o__Lachnospirales;f__Lachnospiraceae;g__Lachnospira;s__Lachnospira rogosae_A"
"50","0.112011790714812",12.8645194896402,"d__Bacteria;p__Firmicutes_C;c__Negativicutes;o__Acidaminococcales;f__Acidaminococcaceae;g__Phascolarctobacterium;s__Phascolarctobacterium faecium"
"21","0.153250773993808",12.8587856415783,"d__Bacteria;p__Firmicutes_A;c__Clostridia_A;o__Christensenellales;f__CAG-138;g__PeH17;s__PeH17 sp000435055"
"39","0.14741641337386",12.0906453510762,"d__Bacteria;p__Firmicutes_A;c__Clostridia;o__Oscillospirales;f__Acutalibacteraceae;g__Eubacterium_R;s__Eubacterium_R sp000436835"
"28","0.127545551982851",12.0884311912765,"d__Bacteria;p__Firmicutes_A;c__Clostridia;o__Lachnospirales;f__Lachnospiraceae;g__CAG-127;s__CAG-127 sp900319515"
"31","0.157587548638132",11.2581999716854,"d__Bacteria;p__Firmicutes_A;c__Clostridia;o__Lachnospirales;f__Lachnospiraceae;g__Enterocloster;s__Enterocloster sp000431375"
"3","0.144674085850556",11.198661229815,"d__Bacteria;p__Actinobacteriota;c__Actinomycetia;o__Actinomycetales;f__Bifidobacteriaceae;g__Bifidobacterium;s__Bifidobacterium pseudocatenulatum"
"53","0.146911519198664",11.0959771905175,"d__Bacteria;p__Proteobacteria;c__Gammaproteobacteria;o__Burkholderiales;f__Burkholderiaceae;g__Sutterella;s__Sutterella wadsworthensis"
"20","0.120445344129555",11.079045512488,"d__Bacteria;p__Bacteroidota;c__Bacteroidia;o__Bacteroidales;f__Tannerellaceae;g__Parabacteroides;s__Parabacteroides merdae"
"54","0.146258503401361",10.8288902032497,"d__Bacteria;p__Proteobacteria;c__Gammaproteobacteria;o__Enterobacterales;f__Enterobacteriaceae;g__Klebsiella;s__Klebsiella pneumoniae"
"27","0.151012891344383",10.8266485021779,"d__Bacteria;p__Firmicutes_A;c__Clostridia;o__Lachnospirales;f__Lachnospiraceae;g__Butyrivibrio_A;s__Butyrivibrio_A crossotus"
"29","0.152671755725191",10.7525403813983,"d__Bacteria;p__Firmicutes_A;c__Clostridia;o__Lachnospirales;f__Lachnospiraceae;g__Clostridium_Q;s__Clostridium_Q sp003024715"
"52","0.147540983606557",10.4251941170207,"d__Bacteria;p__Firmicutes;c__Bacilli;o__Lactobacillales;f__Enterococcaceae;g__Enterococcus;s__Enterococcus faecalis"
"51","0.163507109004739",10.3683192822203,"d__Bacteria;p__Firmicutes_C;c__Negativicutes;o__Veillonellales;f__Dialisteraceae;g__Dialister;s__Dialister sp000434475"
"47","0.118012422360248",10.2532832867435,"d__Bacteria;p__Firmicutes_A;c__Clostridia;o__Oscillospirales;f__Ruminococcaceae;g__Ruminiclostridium_E;s__Ruminiclostridium_E siraeum"
"4","0.185810810810811",10.0556898682606,"d__Bacteria;p__Bacteroidota;c__Bacteroidia;o__Bacteroidales;f__Bacteroidaceae;g__Bacteroides;s__Bacteroides caccae"
