"","frac","Z","Lineage"
"43","1.99348534201954",252.998897971921,"d__Bacteria;p__Firmicutes_C;c__Negativicutes;o__Veillonellales;f__Dialisteraceae;g__Dialister;s__Dialister invisus"
"10","0.000471031559114461",244.249855989687,"d__Bacteria;p__Firmicutes_A;c__Clostridia;o__Lachnospirales;f__Lachnospiraceae;g__Agathobacter;s__Agathobacter rectalis"
"47","0.787037037037037",124.164636868739,"d__Bacteria;p__Firmicutes_C;c__Negativicutes;o__Veillonellales;f__Veillonellaceae;g__Veillonella;s__Veillonella parvula_A"
"64","0.000423998304006784",122.798811297756,"d__Bacteria;p__Proteobacteria;c__Gammaproteobacteria;o__Enterobacterales;f__Enterobacteriaceae;g__Escherichia;s__Escherichia coli_D"
"55","1.04347826086957",60.4573398358041,"d__Bacteria;p__Fusobacteriota;c__Fusobacteriia;o__Fusobacteriales;f__Fusobacteriaceae;g__Fusobacterium_A;s__Fusobacterium_A mortiferum"
"44","0.822429906542056",51.6211443996676,"d__Bacteria;p__Firmicutes_C;c__Negativicutes;o__Veillonellales;f__Veillonellaceae;g__Veillonella;s__Veillonella atypica"
"33","0.728682170542636",50.9142722363767,"d__Bacteria;p__Firmicutes_A;c__Clostridia;o__Oscillospirales;f__Ruminococcaceae;g__Negativibacillus;s__Negativibacillus sp000435195"
"19","0.838709677419355",48.465623781468,"d__Bacteria;p__Firmicutes_A;c__Clostridia;o__Lachnospirales;f__Lachnospiraceae;g__Hungatella;s__Hungatella effluvii"
"9","0.893333333333333",45.6313251862434,"d__Bacteria;p__Firmicutes_A;c__Clostridia;o__Lachnospirales;f__Anaerotignaceae;g__Anaerotignum;s__Anaerotignum sp001304995"
"37","0.933333333333333",42.0000259064189,"d__Bacteria;p__Firmicutes_A;c__Clostridia;o__Peptostreptococcales;f__Anaerovoracaceae;g__CAG-145;s__CAG-145 sp000435715"
"13","0.981481481481482",41.6796056117162,"d__Bacteria;p__Firmicutes_A;c__Clostridia;o__Lachnospirales;f__Lachnospiraceae;g__Eisenbergiella;s__Eisenbergiella massiliensis"
"26","0.296875",39.4162402647944,"d__Bacteria;p__Firmicutes_A;c__Clostridia;o__Oscillospirales;f__Oscillospiraceae;g__Flavonifractor;s__Flavonifractor plautii"
"15","0.862068965517241",37.9196501977848,"d__Bacteria;p__Firmicutes_A;c__Clostridia;o__Lachnospirales;f__Lachnospiraceae;g__Eisenbergiella;s__Eisenbergiella tayi"
"46","0.682926829268293",36.2577754309935,"d__Bacteria;p__Firmicutes_C;c__Negativicutes;o__Veillonellales;f__Veillonellaceae;g__Veillonella;s__Veillonella dispar_A"
"57","1.06060606060606",34.3047286216074,"d__Bacteria;p__Fusobacteriota;c__Fusobacteriia;o__Fusobacteriales;f__Fusobacteriaceae;g__Fusobacterium_A;s__Fusobacterium_A ulcerans"
"11","0.520661157024793",34.2369431819917,"d__Bacteria;p__Firmicutes_A;c__Clostridia;o__Lachnospirales;f__Lachnospiraceae;g__CAG-81;s__CAG-81 sp000435795"
"41","0.261006289308176",29.6818555162893,"d__Bacteria;p__Firmicutes_C;c__Negativicutes;o__Acidaminococcales;f__Acidaminococcaceae;g__Phascolarctobacterium;s__Phascolarctobacterium sp000436095"
"8","0.767441860465116",28.3530134800435,"d__Bacteria;p__Firmicutes_A;c__Clostridia;o__Lachnospirales;f__Anaerotignaceae;g__Anaerotignum;s__Anaerotignum lactatifermentans"
"25","0.281853281853282",28.1706079714862,"d__Bacteria;p__Firmicutes_A;c__Clostridia;o__Oscillospirales;f__Oscillospiraceae;g__Dysosmobacter;s__Dysosmobacter welbionis"
"65","0.962962962962963",27.7984526431363,"d__Bacteria;p__Proteobacteria;c__Gammaproteobacteria;o__Xanthomonadales;f__Xanthomonadaceae;g__Stenotrophomonas;s__Stenotrophomonas maltophilia_S"
"20","0.8",26.4144025583908,"d__Bacteria;p__Firmicutes_A;c__Clostridia;o__Lachnospirales;f__Lachnospiraceae;g__Hungatella;s__Hungatella sp005845265"
"59","0.710526315789474",24.4035248629,"d__Bacteria;p__Fusobacteriota;c__Fusobacteriia;o__Fusobacteriales;f__Fusobacteriaceae;g__Fusobacterium_A;s__Fusobacterium_A varium"
"48","0.875",23.5952168045386,"d__Bacteria;p__Firmicutes_C;c__Negativicutes;o__Veillonellales;f__Veillonellaceae;g__Veillonella;s__Veillonella rogosae"
"35","0.694444444444444",23.1173288002625,"d__Bacteria;p__Firmicutes_A;c__Clostridia;o__Oscillospirales;f__Ruminococcaceae;g__Negativibacillus;s__Negativibacillus sp900547455"
"62","0.869565217391304",22.9071965620059,"d__Bacteria;p__Fusobacteriota;c__Fusobacteriia;o__Fusobacteriales;f__Fusobacteriaceae;g__Fusobacterium;s__Fusobacterium animalis"
"32","0.615384615384615",21.2606390391519,"d__Bacteria;p__Firmicutes_A;c__Clostridia;o__Oscillospirales;f__Ruminococcaceae;g__Negativibacillus;s__Negativibacillus massiliensis"
"16","0.941176470588235",21.1392168733078,"d__Bacteria;p__Firmicutes_A;c__Clostridia;o__Lachnospirales;f__Lachnospiraceae;g__Enterocloster;s__Enterocloster asparagiformis"
"23","0.490196078431373",19.3611013398251,"d__Bacteria;p__Firmicutes_A;c__Clostridia;o__Lachnospirales;f__Lachnospiraceae;g__UBA9502;s__UBA9502 sp900538475"
"17","0.928571428571429",18.7921331263216,"d__Bacteria;p__Firmicutes_A;c__Clostridia;o__Lachnospirales;f__Lachnospiraceae;g__Enterocloster;s__Enterocloster lavalensis"
"45","0.928571428571429",18.7921331263216,"d__Bacteria;p__Firmicutes_C;c__Negativicutes;o__Veillonellales;f__Veillonellaceae;g__Veillonella;s__Veillonella dispar"
"3","1.75",18.7394128359461,"d__Bacteria;p__Bacteroidota;c__Bacteroidia;o__Bacteroidales;f__Marinifilaceae;g__Butyricimonas;s__Butyricimonas sp900759925"
"1","2",18.5146325754849,"d__Archaea;p__Thermoplasmatota;c__Thermoplasmata;o__Methanomassiliicoccales;f__Methanomethylophilaceae;g__UBA71;s__"
"4","0.511627906976744",18.4224278641997,"d__Bacteria;p__Bacteroidota;c__Bacteroidia;o__Bacteroidales;f__Marinifilaceae;g__Odoribacter;s__Odoribacter laneus"
"27","0.396825396825397",17.336303874997,"d__Bacteria;p__Firmicutes_A;c__Clostridia;o__Oscillospirales;f__Oscillospiraceae;g__Lawsonibacter;s__Lawsonibacter sp900066825"
"66","0.846153846153846",16.3961343154928,"d__Bacteria;p__Spirochaetota;c__Brachyspirae;o__Brachyspirales;f__Brachyspiraceae;g__Brachyspira;s__Brachyspira pilosicoli"
"5","1.5",16.0044311214041,"d__Bacteria;p__Bacteroidota;c__Bacteroidia;o__Bacteroidales;f__Tannerellaceae;g__Parabacteroides;s__Parabacteroides sp900541965"
"56","0.608695652173913",15.7290948531724,"d__Bacteria;p__Fusobacteriota;c__Fusobacteriia;o__Fusobacteriales;f__Fusobacteriaceae;g__Fusobacterium_A;s__Fusobacterium_A sp900543175"
"61","1",15.1067075019385,"d__Bacteria;p__Fusobacteriota;c__Fusobacteriia;o__Fusobacteriales;f__Fusobacteriaceae;g__Fusobacterium_C;s__Fusobacterium_C gonidiaformans"
"30","2",15.0377758249099,"d__Bacteria;p__Firmicutes_A;c__Clostridia;o__Oscillospirales;f__Ruminococcaceae;g__CAG-115;s__CAG-115 sp002492075"
"14","0.769230769230769",14.8372981713972,"d__Bacteria;p__Firmicutes_A;c__Clostridia;o__Lachnospirales;f__Lachnospiraceae;g__Eisenbergiella;s__Eisenbergiella sp900550285"
"40","1.2",14.2803583310899,"d__Bacteria;p__Firmicutes_A;c__Clostridia;o__Peptostreptococcales;f__Peptostreptococcaceae;g__Peptostreptococcus;s__Peptostreptococcus stomatis"
"18","0.888888888888889",14.2154641808115,"d__Bacteria;p__Firmicutes_A;c__Clostridia;o__Lachnospirales;f__Lachnospiraceae;g__Frisingicoccus;s__Frisingicoccus sp900549105"
"67","1",14.0875099831404,"d__Bacteria;p__Synergistota;c__Synergistia;o__Synergistales;f__Synergistaceae;g__An23;s__An23 sp900544635"
"51","0.8",13.4578180192167,"d__Bacteria;p__Firmicutes_C;c__Negativicutes;o__Veillonellales;f__Veillonellaceae;g__Veillonella;s__Veillonella sp900757715"
"12","1",12.9994863882057,"d__Bacteria;p__Firmicutes_A;c__Clostridia;o__Lachnospirales;f__Lachnospiraceae;g__CAG-81;s__CAG-81 sp900541255"
"28","1.33333333333333",12.2265631352203,"d__Bacteria;p__Firmicutes_A;c__Clostridia;o__Oscillospirales;f__Oscillospiraceae;g__Pseudoflavonifractor;s__Pseudoflavonifractor capillosus"
"34","0.458333333333333",11.8624344357764,"d__Bacteria;p__Firmicutes_A;c__Clostridia;o__Oscillospirales;f__Ruminococcaceae;g__Negativibacillus;s__Negativibacillus sp900547015"
"53","0.7",11.6938707760066,"d__Bacteria;p__Firmicutes;c__Bacilli;o__Erysipelotrichales;f__Erysipelatoclostridiaceae;g__Massiliomicrobiota;s__Massiliomicrobiota sp002160815"
"24","0.571428571428571",11.2639137082841,"d__Bacteria;p__Firmicutes_A;c__Clostridia;o__Oscillospirales;f__Acutalibacteraceae;g__UMGS1623;s__"
"60","1.5",11.2073496108609,"d__Bacteria;p__Fusobacteriota;c__Fusobacteriia;o__Fusobacteriales;f__Fusobacteriaceae;g__Fusobacterium_A;s__Fusobacterium_A varium_A"
"63","1.5",11.2073496108609,"d__Bacteria;p__Fusobacteriota;c__Fusobacteriia;o__Fusobacteriales;f__Fusobacteriaceae;g__Fusobacterium;s__Fusobacterium sp000235465"
"54","0.75",11.1846708132828,"d__Bacteria;p__Firmicutes;c__Bacilli;o__RF39;f__UBA660;g__UBA7057;s__UBA7057 sp900543675"
"7","0.583333333333333",10.6100996985476,"d__Bacteria;p__Firmicutes_A;c__Clostridia;o__Lachnospirales;f__Anaerotignaceae;g__Anaerotignum;s__"
"6","2",10.5610611793719,"d__Bacteria;p__Bacteroidota;c__Bacteroidia;o__Flavobacteriales;f__Weeksellaceae;g__Elizabethkingia;s__Elizabethkingia bruuniana"
"21","2",10.5610611793719,"d__Bacteria;p__Firmicutes_A;c__Clostridia;o__Lachnospirales;f__Lachnospiraceae;g__Johnsonella;s__Johnsonella sp900766185"
"39","2",10.5610611793719,"d__Bacteria;p__Firmicutes_A;c__Clostridia;o__Peptostreptococcales;f__Anaerovoracaceae;g__Emergencia;s__Emergencia sp900066695"
"52","2",10.5610611793719,"d__Bacteria;p__Firmicutes;c__Bacilli;o__Bacillales;f__Bacillaceae_G;g__Bacillus_A;s__Bacillus_A wiedmannii"
"2","1",10.53446769232,"d__Bacteria;p__Bacteroidota;c__Bacteroidia;o__Bacteroidales;f__Bacteroidaceae;g__OM05-12;s__OM05-12 sp003438995"
"22","1",10.53446769232,"d__Bacteria;p__Firmicutes_A;c__Clostridia;o__Lachnospirales;f__Lachnospiraceae;g__Lachnospira;s__Lachnospira sp900552795"
"29","1",10.53446769232,"d__Bacteria;p__Firmicutes_A;c__Clostridia;o__Oscillospirales;f__Oscillospiraceae;g__Pseudoflavonifractor;s__Pseudoflavonifractor sp014287675"
"31","1",10.53446769232,"d__Bacteria;p__Firmicutes_A;c__Clostridia;o__Oscillospirales;f__Ruminococcaceae;g__Massilimaliae;s__Massilimaliae sp900752435"
"38","1",10.53446769232,"d__Bacteria;p__Firmicutes_A;c__Clostridia;o__Peptostreptococcales;f__Anaerovoracaceae;g__CAG-145;s__CAG-145 sp002320005"
"42","1",10.53446769232,"d__Bacteria;p__Firmicutes_C;c__Negativicutes;o__Acidaminococcales;f__Acidaminococcaceae;g__Phascolarctobacterium;s__Phascolarctobacterium sp900554395"
"49","1",10.53446769232,"d__Bacteria;p__Firmicutes_C;c__Negativicutes;o__Veillonellales;f__Veillonellaceae;g__Veillonella;s__Veillonella sp003463825"
"50","1",10.53446769232,"d__Bacteria;p__Firmicutes_C;c__Negativicutes;o__Veillonellales;f__Veillonellaceae;g__Veillonella;s__Veillonella sp900545205"
"58","1",10.53446769232,"d__Bacteria;p__Fusobacteriota;c__Fusobacteriia;o__Fusobacteriales;f__Fusobacteriaceae;g__Fusobacterium_A;s__Fusobacterium_A ulcerans_A"
"36","0.666666666666667",10.506972114411,"d__Bacteria;p__Firmicutes_A;c__Clostridia;o__Oscillospirales;f__Ruminococcaceae;g__UBA5884;s__UBA5884 sp900551505"
