"","frac","Z","Lineage"
"2","0.00023551577955723",96.6289721348802,"d__Bacteria;p__Firmicutes_A;c__Clostridia;o__Lachnospirales;f__Lachnospiraceae;g__Agathobacter;s__Agathobacter rectalis"
"15","0.196911196911197",52.387159630454,"d__Bacteria;p__Firmicutes_A;c__Clostridia;o__Oscillospirales;f__Oscillospiraceae;g__Dysosmobacter;s__Dysosmobacter welbionis"
"32","0.000211999152003392",48.7069560825879,"d__Bacteria;p__Proteobacteria;c__Gammaproteobacteria;o__Enterobacterales;f__Enterobacteriaceae;g__Escherichia;s__Escherichia coli_D"
"26","0.0324675324675325",40.5590496055611,"d__Bacteria;p__Firmicutes_A;c__Clostridia;o__Oscillospirales;f__Ruminococcaceae;g__Faecalibacterium;s__Faecalibacterium prausnitzii_G"
"24","2",36.4759320200504,"d__Bacteria;p__Firmicutes_A;c__Clostridia;o__Oscillospirales;f__Ruminococcaceae;g__CAG-115;s__CAG-115 sp002492075"
"22","1.33333333333333",29.8923622028701,"d__Bacteria;p__Firmicutes_A;c__Clostridia;o__Oscillospirales;f__Oscillospiraceae;g__Pseudoflavonifractor;s__Pseudoflavonifractor capillosus"
"16","0.0859375",28.8547598583967,"d__Bacteria;p__Firmicutes_A;c__Clostridia;o__Oscillospirales;f__Oscillospiraceae;g__Flavonifractor;s__Flavonifractor plautii"
"29","2",25.6171227795696,"d__Bacteria;p__Firmicutes_A;c__Clostridia;o__Peptostreptococcales;f__Anaerovoracaceae;g__Emergencia;s__Emergencia sp900066695"
"9","0.172043010752688",23.9310783136251,"d__Bacteria;p__Firmicutes_A;c__Clostridia;o__Lachnospirales;f__Lachnospiraceae;g__Hungatella;s__Hungatella effluvii"
"1","0.0302760463045414",22.1245546109773,"d__Bacteria;p__Firmicutes_A;c__Clostridia;o__Lachnospirales;f__Lachnospiraceae;g__Acetatifactor;s__Acetatifactor sp900066565"
"5","0.0803212851405622",19.8122060841818,"d__Bacteria;p__Firmicutes_A;c__Clostridia;o__Lachnospirales;f__Lachnospiraceae;g__Enterocloster;s__Enterocloster bolteae"
"23","0.333333333333333",18.8295845398406,"d__Bacteria;p__Firmicutes_A;c__Clostridia;o__Oscillospirales;f__Ruminococcaceae;g__Anaerotruncus;s__Anaerotruncus colihominis"
"33","1",18.1803620219583,"d__Bacteria;p__Proteobacteria;c__Gammaproteobacteria;o__Enterobacterales;f__Succinivibrionaceae;g__Anaerobiospirillum;s__Anaerobiospirillum succiniciproducens"
"14","0.6",17.4108801783613,"d__Bacteria;p__Firmicutes_A;c__Clostridia;o__Oscillospirales;f__Oscillospiraceae;g__Dysosmobacter;s__Dysosmobacter sp014297375"
"10","0.2",16.0161022639935,"d__Bacteria;p__Firmicutes_A;c__Clostridia;o__Lachnospirales;f__Lachnospiraceae;g__Hungatella;s__Hungatella sp005845265"
"18","0.363636363636364",15.8297166932979,"d__Bacteria;p__Firmicutes_A;c__Clostridia;o__Oscillospirales;f__Oscillospiraceae;g__Lawsonibacter;s__Lawsonibacter sp900066645"
"31","0.375",13.8139256061822,"d__Bacteria;p__Firmicutes;c__Bacilli;o__Erysipelotrichales;f__Erysipelotrichaceae;g__Holdemania;s__Holdemania massiliensis"
"7","0.145833333333333",13.7597078829672,"d__Bacteria;p__Firmicutes_A;c__Clostridia;o__Lachnospirales;f__Lachnospiraceae;g__Enterocloster;s__Enterocloster sp900538485"
"6","0.333333333333333",13.0339084096464,"d__Bacteria;p__Firmicutes_A;c__Clostridia;o__Lachnospirales;f__Lachnospiraceae;g__Enterocloster;s__Enterocloster citroniae"
"3","0.0826446280991736",12.9084441314178,"d__Bacteria;p__Firmicutes_A;c__Clostridia;o__Lachnospirales;f__Lachnospiraceae;g__CAG-81;s__CAG-81 sp000435795"
"8","1",12.7681059893829,"d__Bacteria;p__Firmicutes_A;c__Clostridia;o__Lachnospirales;f__Lachnospiraceae;g__GCA-900066755;s__GCA-900066755 sp902363085"
"12","1",12.7681059893829,"d__Bacteria;p__Firmicutes_A;c__Clostridia;o__Oscillospirales;f__Acutalibacteraceae;g__Acutalibacter;s__Acutalibacter sp900755895"
"17","1",12.7681059893829,"d__Bacteria;p__Firmicutes_A;c__Clostridia;o__Oscillospirales;f__Oscillospiraceae;g__Lawsonibacter;s__Lawsonibacter sp003478995"
"20","1",12.7681059893829,"d__Bacteria;p__Firmicutes_A;c__Clostridia;o__Oscillospirales;f__Oscillospiraceae;g__Lawsonibacter;s__Lawsonibacter sp900764755"
"21","1",12.7681059893829,"d__Bacteria;p__Firmicutes_A;c__Clostridia;o__Oscillospirales;f__Oscillospiraceae;g__NSJ-62;s__"
"30","1",12.7681059893829,"d__Bacteria;p__Firmicutes_C;c__Negativicutes;o__Acidaminococcales;f__Acidaminococcaceae;g__Acidaminococcus;s__Acidaminococcus fermentans_A"
"25","0.027063599458728",12.7154190088577,"d__Bacteria;p__Firmicutes_A;c__Clostridia;o__Oscillospirales;f__Ruminococcaceae;g__Faecalibacterium;s__Faecalibacterium prausnitzii_D"
"13","0.0433526011560694",12.4517026256872,"d__Bacteria;p__Firmicutes_A;c__Clostridia;o__Oscillospirales;f__Oscillospiraceae;g__Dysosmobacter;s__Dysosmobacter sp001916835"
"27","0.122448979591837",11.5875838606165,"d__Bacteria;p__Firmicutes_A;c__Clostridia;o__Oscillospirales;f__Ruminococcaceae;g__Faecalibacterium;s__Faecalibacterium sp900540455"
"11","0.181818181818182",11.2598278123668,"d__Bacteria;p__Firmicutes_A;c__Clostridia;o__Lachnospirales;f__Lachnospiraceae;g__UBA7182;s__UBA7182 sp003480725"
"4","0.0305343511450382",11.1233206480774,"d__Bacteria;p__Firmicutes_A;c__Clostridia;o__Lachnospirales;f__Lachnospiraceae;g__Clostridium_Q;s__Clostridium_Q sp003024715"
"28","0.0408805031446541",10.9468456185281,"d__Bacteria;p__Firmicutes_A;c__Clostridia;o__Oscillospirales;f__Ruminococcaceae;g__Ruminococcus_C;s__Ruminococcus_C sp000433635"
"19","0.0952380952380952",10.2355467822174,"d__Bacteria;p__Firmicutes_A;c__Clostridia;o__Oscillospirales;f__Oscillospiraceae;g__Lawsonibacter;s__Lawsonibacter sp900066825"
