"","frac","Z","Lineage"
"15","0.00164861045690061",206.402417355746,"d__Bacteria;p__Firmicutes_A;c__Clostridia;o__Lachnospirales;f__Lachnospiraceae;g__Agathobacter;s__Agathobacter rectalis"
"32","0.789644012944984",110.816225387299,"d__Bacteria;p__Firmicutes_A;c__Clostridia;o__Oscillospirales;f__Ruminococcaceae;g__CAG-115;s__CAG-115 sp003531585"
"56","0",109.836101076172,"d__Bacteria;p__Proteobacteria;c__Gammaproteobacteria;o__Enterobacterales;f__Enterobacteriaceae;g__Escherichia;s__Escherichia coli_D"
"5","0.0407523510971787",92.3712802790777,"d__Bacteria;p__Bacteroidota;c__Bacteroidia;o__Bacteroidales;f__Bacteroidaceae;g__Bacteroides;s__Bacteroides uniformis"
"55","0.433996383363472",91.1012319524019,"d__Bacteria;p__Proteobacteria;c__Gammaproteobacteria;o__Burkholderiales;f__Burkholderiaceae;g__Sutterella;s__Sutterella wadsworthensis_A"
"45","1.02173913043478",66.8857779026552,"d__Bacteria;p__Fusobacteriota;c__Fusobacteriia;o__Fusobacteriales;f__Fusobacteriaceae;g__Fusobacterium_A;s__Fusobacterium_A mortiferum"
"28","0.3203125",49.5424304319493,"d__Bacteria;p__Firmicutes_A;c__Clostridia;o__Oscillospirales;f__Oscillospiraceae;g__Flavonifractor;s__Flavonifractor plautii"
"22","0.895833333333333",40.1423144437928,"d__Bacteria;p__Firmicutes_A;c__Clostridia;o__Lachnospirales;f__Lachnospiraceae;g__Enterocloster;s__Enterocloster sp900538485"
"49","0.973684210526316",38.392573508399,"d__Bacteria;p__Fusobacteriota;c__Fusobacteriia;o__Fusobacteriales;f__Fusobacteriaceae;g__Fusobacterium_A;s__Fusobacterium_A varium"
"31","0.833333333333333",34.5606296814539,"d__Bacteria;p__Firmicutes_A;c__Clostridia;o__Oscillospirales;f__Ruminococcaceae;g__CAG-115;s__CAG-115 sp003507295"
"47","0.939393939393939",34.2212326886544,"d__Bacteria;p__Fusobacteriota;c__Fusobacteriia;o__Fusobacteriales;f__Fusobacteriaceae;g__Fusobacterium_A;s__Fusobacterium_A ulcerans"
"24","0.647058823529412",29.6144885400681,"d__Bacteria;p__Firmicutes_A;c__Clostridia;o__Lachnospirales;f__Lachnospiraceae;g__UBA9502;s__UBA9502 sp900538475"
"27","0.247104247104247",28.1294955402536,"d__Bacteria;p__Firmicutes_A;c__Clostridia;o__Oscillospirales;f__Oscillospiraceae;g__Dysosmobacter;s__Dysosmobacter welbionis"
"34","1.0625",26.237291601215,"d__Bacteria;p__Firmicutes_A;c__Clostridia;o__Oscillospirales;f__Ruminococcaceae;g__UMGS966;s__UMGS966 sp900547185"
"52","0.826086956521739",24.597796156777,"d__Bacteria;p__Fusobacteriota;c__Fusobacteriia;o__Fusobacteriales;f__Fusobacteriaceae;g__Fusobacterium;s__Fusobacterium animalis"
"7","1",23.8153486455798,"d__Bacteria;p__Bacteroidota;c__Bacteroidia;o__Bacteroidales;f__Bacteroidaceae;g__Prevotella;s__Prevotella corporis"
"16","0.31404958677686",22.6217665602578,"d__Bacteria;p__Firmicutes_A;c__Clostridia;o__Lachnospirales;f__Lachnospiraceae;g__CAG-81;s__CAG-81 sp000435795"
"1","2",20.8529950260226,"d__Archaea;p__Thermoplasmatota;c__Thermoplasmata;o__Methanomassiliicoccales;f__Methanomethylophilaceae;g__UBA71;s__"
"25","0.777777777777778",20.2453702385884,"d__Bacteria;p__Firmicutes_A;c__Clostridia;o__Oscillospirales;f__Acutalibacteraceae;g__Anaeromassilibacillus;s__Anaeromassilibacillus sp001305115"
"11","0.916666666666667",19.3364764830895,"d__Bacteria;p__Bacteroidota;c__Bacteroidia;o__Bacteroidales;f__Porphyromonadaceae;g__Porphyromonas_A;s__Porphyromonas_A somerae"
"9","0.431372549019608",19.2762588164783,"d__Bacteria;p__Bacteroidota;c__Bacteroidia;o__Bacteroidales;f__Bacteroidaceae;g__Prevotella;s__Prevotella sp900540415"
"17","0.387096774193548",19.1699140248857,"d__Bacteria;p__Firmicutes_A;c__Clostridia;o__Lachnospirales;f__Lachnospiraceae;g__Clostridium_Q;s__Clostridium_Q sp000435655"
"13","0.465116279069767",18.9828505246765,"d__Bacteria;p__Firmicutes_A;c__Clostridia;o__Lachnospirales;f__Anaerotignaceae;g__Anaerotignum;s__Anaerotignum lactatifermentans"
"35","1.5",18.0502994788137,"d__Bacteria;p__Firmicutes_A;c__Clostridia;o__Oscillospirales;f__Ruminococcaceae;g__UMGS966;s__UMGS966 sp900761965"
"2","3",17.9305114886145,"d__Bacteria;p__Actinobacteriota;c__Actinomycetia;o__Actinomycetales;f__Micrococcaceae;g__Rothia;s__Rothia aeria"
"46","0.608695652173913",17.8873965607521,"d__Bacteria;p__Fusobacteriota;c__Fusobacteriia;o__Fusobacteriales;f__Fusobacteriaceae;g__Fusobacterium_A;s__Fusobacterium_A sp900543175"
"10","0.833333333333333",17.5207514111223,"d__Bacteria;p__Bacteroidota;c__Bacteroidia;o__Bacteroidales;f__Bacteroidaceae;g__Prevotellamassilia;s__Prevotellamassilia sp900541335"
"14","0.32",17.383923878154,"d__Bacteria;p__Firmicutes_A;c__Clostridia;o__Lachnospirales;f__Anaerotignaceae;g__Anaerotignum;s__Anaerotignum sp001304995"
"30","0.619047619047619",17.332671592325,"d__Bacteria;p__Firmicutes_A;c__Clostridia;o__Oscillospirales;f__Ruminococcaceae;g__CAG-115;s__CAG-115 sp000432175"
"36","0.733333333333333",17.2734857729721,"d__Bacteria;p__Firmicutes_A;c__Clostridia;o__Peptostreptococcales;f__Anaerovoracaceae;g__CAG-145;s__CAG-145 sp900540145"
"12","0.9",17.2312931280428,"d__Bacteria;p__Firmicutes_A;c__Clostridia;o__Clostridiales;f__Clostridiaceae;g__Clostridium;s__Clostridium sp900539375"
"6","0.328125",16.305295311093,"d__Bacteria;p__Bacteroidota;c__Bacteroidia;o__Bacteroidales;f__Bacteroidaceae;g__Phocaeicola;s__Phocaeicola sp000434735"
"21","0.888888888888889",16.0940356948626,"d__Bacteria;p__Firmicutes_A;c__Clostridia;o__Lachnospirales;f__Lachnospiraceae;g__Enterocloster;s__Enterocloster sp005845215"
"38","1",15.9323676793599,"d__Bacteria;p__Firmicutes_A;c__Clostridia;o__Peptostreptococcales;f__Anaerovoracaceae;g__Emergencia;s__Emergencia timonensis"
"33","1",14.7018598054302,"d__Bacteria;p__Firmicutes_A;c__Clostridia;o__Oscillospirales;f__Ruminococcaceae;g__Fournierella;s__Fournierella sp004558145"
"19","0.642857142857143",14.5106667832328,"d__Bacteria;p__Firmicutes_A;c__Clostridia;o__Lachnospirales;f__Lachnospiraceae;g__Enterocloster;s__Enterocloster lavalensis"
"20","0.167567567567568",14.3177557331898,"d__Bacteria;p__Firmicutes_A;c__Clostridia;o__Lachnospirales;f__Lachnospiraceae;g__Enterocloster;s__Enterocloster sp001517625"
"8","0.333333333333333",13.5854024342428,"d__Bacteria;p__Bacteroidota;c__Bacteroidia;o__Bacteroidales;f__Bacteroidaceae;g__Prevotella;s__Prevotella sp000436035"
"18","0.529411764705882",13.1198486803033,"d__Bacteria;p__Firmicutes_A;c__Clostridia;o__Lachnospirales;f__Lachnospiraceae;g__Enterocloster;s__Enterocloster asparagiformis"
"50","1.5",12.6400004664494,"d__Bacteria;p__Fusobacteriota;c__Fusobacteriia;o__Fusobacteriales;f__Fusobacteriaceae;g__Fusobacterium_A;s__Fusobacterium_A varium_A"
"54","1.5",12.6400004664494,"d__Bacteria;p__Fusobacteriota;c__Fusobacteriia;o__Fusobacteriales;f__Fusobacteriaceae;g__Fusobacterium;s__Fusobacterium sp000235465"
"44","0.283018867924528",12.4330981841575,"d__Bacteria;p__Firmicutes_C;c__Negativicutes;o__Veillonellales;f__Veillonellaceae;g__Veillonella_A;s__Veillonella_A seminalis"
"4","0.0729312762973352",12.1821801594717,"d__Bacteria;p__Bacteroidota;c__Bacteroidia;o__Bacteroidales;f__Bacteroidaceae;g__Bacteroides;s__Bacteroides stercoris"
"41","1",11.9140297171925,"d__Bacteria;p__Firmicutes_A;c__Clostridia;o__Peptostreptococcales;f__Peptostreptococcaceae;g__Peptacetobacter;s__Peptacetobacter sp900539645"
"48","1",11.9140297171925,"d__Bacteria;p__Fusobacteriota;c__Fusobacteriia;o__Fusobacteriales;f__Fusobacteriaceae;g__Fusobacterium_A;s__Fusobacterium_A ulcerans_A"
"23","2",11.8949028745278,"d__Bacteria;p__Firmicutes_A;c__Clostridia;o__Lachnospirales;f__Lachnospiraceae;g__GCA-900066755;s__GCA-900066755 sp900066755"
"37","2",11.8949028745278,"d__Bacteria;p__Firmicutes_A;c__Clostridia;o__Peptostreptococcales;f__Anaerovoracaceae;g__Emergencia;s__Emergencia sp900066695"
"42","2",11.8949028745278,"d__Bacteria;p__Firmicutes_A;c__Clostridia;o__Peptostreptococcales;f__Peptostreptococcaceae;g__Peptacetobacter;s__Peptacetobacter sp900550335"
"29","0.444444444444444",11.2301839114783,"d__Bacteria;p__Firmicutes_A;c__Clostridia;o__Oscillospirales;f__Ruminococcaceae;g__Anaerotruncus;s__Anaerotruncus colihominis"
"3","0.8",10.6178706610147,"d__Bacteria;p__Actinobacteriota;c__Actinomycetia;o__Actinomycetales;f__Micrococcaceae;g__Rothia;s__Rothia mucilaginosa_B"
"39","1",10.2719488639652,"d__Bacteria;p__Firmicutes_A;c__Clostridia;o__Peptostreptococcales;f__Peptostreptococcaceae;g__Clostridioides;s__Clostridioides difficile_A"
"40","1",10.2719488639652,"d__Bacteria;p__Firmicutes_A;c__Clostridia;o__Peptostreptococcales;f__Peptostreptococcaceae;g__Peptacetobacter;s__Peptacetobacter hiranonis"
"43","1",10.2719488639652,"d__Bacteria;p__Firmicutes_C;c__Negativicutes;o__Selenomonadales;f__Selenomonadaceae;g__Centipeda;s__Centipeda artemidis"
"51","1",10.2719488639652,"d__Bacteria;p__Fusobacteriota;c__Fusobacteriia;o__Fusobacteriales;f__Fusobacteriaceae;g__Fusobacterium_B;s__Fusobacterium_B sp900554355"
"53","1",10.2719488639652,"d__Bacteria;p__Fusobacteriota;c__Fusobacteriia;o__Fusobacteriales;f__Fusobacteriaceae;g__Fusobacterium;s__Fusobacterium periodonticum_D"
"26","0.5",10.2578511232536,"d__Bacteria;p__Firmicutes_A;c__Clostridia;o__Oscillospirales;f__Acutalibacteraceae;g__Anaeromassilibacillus;s__Anaeromassilibacillus sp002159845"
