"","frac","Z","Lineage"
"11","0.265210608424337",168.367269373946,"d__Bacteria;p__Firmicutes_A;c__Clostridia;o__Lachnospirales;f__Lachnospiraceae;g__Roseburia;s__Roseburia sp900552665"
"15","0.945454545454545",119.550863517591,"d__Bacteria;p__Firmicutes_A;c__Clostridia;o__Oscillospirales;f__Acutalibacteraceae;g__UMGS1071;s__UMGS1071 sp900542375"
"2","0.0889603429796356",76.8060959878099,"d__Bacteria;p__Firmicutes_A;c__Clostridia;o__Lachnospirales;f__Lachnospiraceae;g__CAG-127;s__CAG-127 sp900319515"
"14","1",66.3142161341532,"d__Bacteria;p__Firmicutes_A;c__Clostridia;o__Oscillospirales;f__Acutalibacteraceae;g__UMGS1071;s__UMGS1071 sp900541905"
"16","0.137767220902613",61.6890046216549,"d__Bacteria;p__Firmicutes_A;c__Clostridia;o__Oscillospirales;f__Butyricicoccaceae;g__Agathobaculum;s__Agathobaculum butyriciproducens"
"10","0.8",49.5634712385802,"d__Bacteria;p__Firmicutes_A;c__Clostridia;o__Lachnospirales;f__Lachnospiraceae;g__Roseburia;s__Roseburia sp900542495"
"31","0",42.1743463425692,"d__Bacteria;p__Proteobacteria;c__Gammaproteobacteria;o__Enterobacterales;f__Enterobacteriaceae;g__Escherichia;s__Escherichia coli_D"
"7","0.1625",24.9192724819479,"d__Bacteria;p__Firmicutes_A;c__Clostridia;o__Lachnospirales;f__Lachnospiraceae;g__Dorea;s__Dorea formicigenerans"
"9","0.0601092896174863",23.2439321318213,"d__Bacteria;p__Firmicutes_A;c__Clostridia;o__Lachnospirales;f__Lachnospiraceae;g__Mediterraneibacter;s__Mediterraneibacter faecis"
"6","0.109489051094891",22.8652374383489,"d__Bacteria;p__Firmicutes_A;c__Clostridia;o__Lachnospirales;f__Lachnospiraceae;g__Dorea_A;s__Dorea_A longicatena_B"
"28","1",21.7279175708734,"d__Bacteria;p__Firmicutes;c__Bacilli;o__Lactobacillales;f__Streptococcaceae;g__Streptococcus;s__Streptococcus oralis_S"
"29","1",21.7279175708734,"d__Bacteria;p__Firmicutes;c__Bacilli;o__Lactobacillales;f__Streptococcaceae;g__Streptococcus;s__Streptococcus sp900555155"
"5","0.0833333333333333",21.2397904977855,"d__Bacteria;p__Firmicutes_A;c__Clostridia;o__Lachnospirales;f__Lachnospiraceae;g__COE1;s__COE1 sp001916965"
"13","0.272727272727273",20.5321449207106,"d__Bacteria;p__Firmicutes_A;c__Clostridia;o__Lachnospirales;f__Lachnospiraceae;g__UBA7182;s__UBA7182 sp003480725"
"17","0.294117647058824",19.2965044895061,"d__Bacteria;p__Firmicutes_A;c__Clostridia;o__Oscillospirales;f__Butyricicoccaceae;g__Agathobaculum;s__Agathobaculum sp900544475"
"1","0.307692307692308",17.5083176896669,"d__Bacteria;p__Actinobacteriota;c__Actinomycetia;o__Actinomycetales;f__Bifidobacteriaceae;g__Bifidobacterium;s__Bifidobacterium gallinarum"
"8","0.375",16.5623012680283,"d__Bacteria;p__Firmicutes_A;c__Clostridia;o__Lachnospirales;f__Lachnospiraceae;g__Eubacterium_G;s__Eubacterium_G sp900548465"
"26","0.375",16.5623012680283,"d__Bacteria;p__Firmicutes;c__Bacilli;o__Erysipelotrichales;f__Erysipelotrichaceae;g__Holdemania;s__Holdemania massiliensis"
"21","1",15.2595616159026,"d__Bacteria;p__Firmicutes;c__Bacilli;o__Bacillales_A;f__Planococcaceae;g__Psychrobacillus;s__Psychrobacillus sp012843435"
"23","1",15.2595616159026,"d__Bacteria;p__Firmicutes;c__Bacilli;o__Bacillales;f__Bacillaceae;g__Bacillus;s__Bacillus sonorensis"
"30","1",15.2595616159026,"d__Bacteria;p__Firmicutes;c__Bacilli;o__Rubeoparvulales;f__Rubeoparvulaceae;g__Rubeoparvulum;s__Rubeoparvulum massiliense"
"4","0.4",13.8383346637215,"d__Bacteria;p__Firmicutes_A;c__Clostridia;o__Lachnospirales;f__Lachnospiraceae;g__CAG-127;s__CAG-127 sp900553925"
"24","0.024045261669024",13.7867374490466,"d__Bacteria;p__Firmicutes;c__Bacilli;o__Erysipelotrichales;f__Erysipelatoclostridiaceae;g__Faecalibacillus;s__Faecalibacillus intestinalis"
"12","0.230769230769231",13.0674892196525,"d__Bacteria;p__Firmicutes_A;c__Clostridia;o__Lachnospirales;f__Lachnospiraceae;g__Schaedlerella;s__Schaedlerella sp900066545"
"22","0.333333333333333",12.6496061096579,"d__Bacteria;p__Firmicutes;c__Bacilli;o__Bacillales;f__Bacillaceae_G;g__Bacillus_A;s__Bacillus_A thuringiensis_S"
"27","0.333333333333333",12.6496061096579,"d__Bacteria;p__Firmicutes;c__Bacilli;o__Lactobacillales;f__Streptococcaceae;g__Streptococcus;s__Streptococcus oralis"
"3","0.25",10.9757320017863,"d__Bacteria;p__Firmicutes_A;c__Clostridia;o__Lachnospirales;f__Lachnospiraceae;g__CAG-127;s__CAG-127 sp900539705"
"20","0.25",10.9757320017863,"d__Bacteria;p__Firmicutes_A;c__Clostridia;o__Tissierellales;f__Peptoniphilaceae;g__Parvimonas;s__Parvimonas micra"
"25","0.25",10.9757320017863,"d__Bacteria;p__Firmicutes;c__Bacilli;o__Erysipelotrichales;f__Erysipelatoclostridiaceae;g__Faecalibacillus;s__Faecalibacillus sp900544435"
"18","0.5",10.8157599024306,"d__Bacteria;p__Firmicutes_A;c__Clostridia;o__Oscillospirales;f__Butyricicoccaceae;g__Agathobaculum;s__Agathobaculum sp900555465"
"32","0.5",10.8157599024306,"d__Bacteria;p__Proteobacteria;c__Gammaproteobacteria;o__Xanthomonadales;f__Xanthomonadaceae;g__Stenotrophomonas;s__Stenotrophomonas maltophilia_F"
"19","0.108108108108108",10.5467160130225,"d__Bacteria;p__Firmicutes_A;c__Clostridia;o__Oscillospirales;f__Ruminococcaceae;g__Ruthenibacterium;s__Ruthenibacterium sp900546885"
