"","frac","Z","Lineage"
"21","0.00588789448893076",533.063673096072,"d__Bacteria;p__Firmicutes_A;c__Clostridia;o__Lachnospirales;f__Lachnospiraceae;g__Agathobacter;s__Agathobacter rectalis"
"109","1.00698812019567",223.234140118297,"d__Bacteria;p__Verrucomicrobiota;c__Verrucomicrobiae;o__Verrucomicrobiales;f__Akkermansiaceae;g__Akkermansia;s__Akkermansia muciniphila"
"4","0.869565217391304",90.3200921891219,"d__Bacteria;p__Bacteroidota;c__Bacteroidia;o__Bacteroidales;f__Bacteroidaceae;g__Bacteroides;s__Bacteroides stercoris"
"45","1.08447937131631",89.0177102962252,"d__Bacteria;p__Firmicutes;c__Bacilli;o__Erysipelotrichales;f__Erysipelotrichaceae;g__Holdemanella;s__Holdemanella sp002299315"
"93","0.935374149659864",83.8119806529657,"d__Bacteria;p__Proteobacteria;c__Gammaproteobacteria;o__Enterobacterales;f__Enterobacteriaceae;g__Klebsiella;s__Klebsiella pneumoniae"
"86","0.904841402337229",81.7445217987616,"d__Bacteria;p__Proteobacteria;c__Gammaproteobacteria;o__Burkholderiales;f__Burkholderiaceae;g__Sutterella;s__Sutterella wadsworthensis"
"51","0.941712204007286",79.9146388849511,"d__Bacteria;p__Firmicutes;c__Bacilli;o__Lactobacillales;f__Enterococcaceae;g__Enterococcus;s__Enterococcus faecalis"
"25","0.610403397027601",74.2220798469497,"d__Bacteria;p__Firmicutes_A;c__Clostridia;o__Lachnospirales;f__Lachnospiraceae;g__Coprococcus;s__Coprococcus eutactus_A"
"80","1.02479338842975",64.5642425774397,"d__Bacteria;p__Proteobacteria;c__Gammaproteobacteria;o__Burkholderiales;f__Burkholderiaceae;g__Parasutterella;s__Parasutterella sp000980495"
"79","1.01081081081081",64.402545100163,"d__Bacteria;p__Proteobacteria;c__Gammaproteobacteria;o__Burkholderiales;f__Burkholderiaceae;g__Parasutterella;s__Parasutterella excrementihominis"
"7","0.803846153846154",63.0079515213291,"d__Bacteria;p__Bacteroidota;c__Bacteroidia;o__Bacteroidales;f__Bacteroidaceae;g__Phocaeicola;s__Phocaeicola plebeius_A"
"61","2.05769230769231",62.9182810477046,"d__Bacteria;p__Proteobacteria;c__Alphaproteobacteria;o__RF32;f__CAG-239;g__CAG-267;s__CAG-267 sp001917135"
"110","1.01492537313433",60.2625512091766,"d__Bacteria;p__Verrucomicrobiota;c__Verrucomicrobiae;o__Verrucomicrobiales;f__Akkermansiaceae;g__Akkermansia;s__Akkermansia muciniphila_B"
"87","0.739602169981917",59.5625103493872,"d__Bacteria;p__Proteobacteria;c__Gammaproteobacteria;o__Burkholderiales;f__Burkholderiaceae;g__Sutterella;s__Sutterella wadsworthensis_A"
"63","1.11636363636364",58.7735161011325,"d__Bacteria;p__Proteobacteria;c__Alphaproteobacteria;o__RF32;f__CAG-239;g__CAG-495;s__CAG-495 sp000436375"
"14","1",55.1773099966908,"d__Bacteria;p__Campylobacterota;c__Campylobacteria;o__Campylobacterales;f__Campylobacteraceae;g__Campylobacter_D;s__Campylobacter_D jejuni"
"60","1.04524886877828",46.9863484672892,"d__Bacteria;p__Proteobacteria;c__Alphaproteobacteria;o__RF32;f__CAG-239;g__51-20;s__51-20 sp001917175"
"36","0.706018518518518",46.2972848282009,"d__Bacteria;p__Firmicutes_C;c__Negativicutes;o__Veillonellales;f__Veillonellaceae;g__Veillonella;s__Veillonella parvula_A"
"44","1.00913242009132",44.7978143806872,"d__Bacteria;p__Firmicutes;c__Bacilli;o__Erysipelotrichales;f__Erysipelotrichaceae;g__Holdemanella;s__Holdemanella biformis"
"64","0.965957446808511",44.5435439499451,"d__Bacteria;p__Proteobacteria;c__Alphaproteobacteria;o__RF32;f__CAG-239;g__CAG-495;s__CAG-495 sp001917125"
"54","1.53260869565217",42.2954000332007,"d__Bacteria;p__Fusobacteriota;c__Fusobacteriia;o__Fusobacteriales;f__Fusobacteriaceae;g__Fusobacterium_A;s__Fusobacterium_A mortiferum"
"78","0.885714285714286",37.2384098601901,"d__Bacteria;p__Proteobacteria;c__Gammaproteobacteria;o__Burkholderiales;f__Burkholderiaceae;g__Mesosutterella;s__Mesosutterella multiformis"
"42","0.963855421686747",35.4787571361502,"d__Bacteria;p__Firmicutes;c__Bacilli;o__Erysipelotrichales;f__Erysipelotrichaceae;g__Clostridium_AQ;s__Clostridium_AQ innocuum"
"73","0.898936170212766",35.2970061002181,"d__Bacteria;p__Proteobacteria;c__Gammaproteobacteria;o__Burkholderiales;f__Burkholderiaceae;g__Duodenibacillus;s__Duodenibacillus sp900538905"
"90","0.985074626865672",31.8695450343924,"d__Bacteria;p__Proteobacteria;c__Gammaproteobacteria;o__Enterobacterales;f__Enterobacteriaceae;g__Enterobacter;s__Enterobacter hormaechei_A"
"72","0.909677419354839",31.6880758926014,"d__Bacteria;p__Proteobacteria;c__Gammaproteobacteria;o__Burkholderiales;f__Burkholderiaceae;g__Duodenibacillus;s__Duodenibacillus sp003472385"
"9","0.843373493975904",30.1518342582727,"d__Bacteria;p__Bacteroidota;c__Bacteroidia;o__Bacteroidales;f__Rikenellaceae;g__Alistipes;s__Alistipes sp000434235"
"53","0.936507936507937",28.8802488109839,"d__Bacteria;p__Firmicutes;c__Bacilli;o__ML615J-28;f__CAG-313;g__CAG-313;s__CAG-313 sp003539625"
"24","0.697777777777778",28.8530893799856,"d__Bacteria;p__Firmicutes_A;c__Clostridia;o__Lachnospirales;f__Lachnospiraceae;g__Coprococcus;s__Coprococcus eutactus"
"52","1.04040404040404",28.3193141732714,"d__Bacteria;p__Firmicutes;c__Bacilli;o__ML615J-28;f__CAG-313;g__CAG-313;s__CAG-313 sp000433035"
"38","10",27.1804057635359,"d__Bacteria;p__Firmicutes;c__Bacilli;o__Bacillales_A;f__Planococcaceae;g__Kurthia;s__Kurthia massiliensis"
"16","0.954128440366973",27.0536528438898,"d__Bacteria;p__Desulfobacterota;c__Desulfovibrionia;o__Desulfovibrionales;f__Desulfovibrionaceae;g__Desulfovibrio;s__Desulfovibrio sp900319575"
"62","0.979166666666667",25.8685521355516,"d__Bacteria;p__Proteobacteria;c__Alphaproteobacteria;o__RF32;f__CAG-239;g__CAG-495;s__CAG-495 sp000432275"
"28","0.312629399585921",25.6323452879495,"d__Bacteria;p__Firmicutes_A;c__Clostridia;o__Oscillospirales;f__Ruminococcaceae;g__Ruminiclostridium_E;s__Ruminiclostridium_E siraeum"
"37","0.783783783783784",25.607525693006,"d__Bacteria;p__Firmicutes;c__Bacilli;o__Acholeplasmatales;f__Anaeroplasmataceae;g__CAG-307;s__CAG-307 sp001916215"
"22","0.245773732119636",24.4990724924133,"d__Bacteria;p__Firmicutes_A;c__Clostridia;o__Lachnospirales;f__Lachnospiraceae;g__Anaerostipes;s__Anaerostipes hadrus"
"111","1.0125",24.1814732328162,"d__Bacteria;p__Verrucomicrobiota;c__Verrucomicrobiae;o__Verrucomicrobiales;f__Akkermansiaceae;g__Akkermansia;s__Akkermansia sp001580195"
"19","1.04",24.0413464249331,"d__Bacteria;p__Elusimicrobiota;c__Elusimicrobia;o__Elusimicrobiales;f__Elusimicrobiaceae;g__UBA1436;s__UBA1436 sp900541355"
"6","0.488571428571429",23.8318635487717,"d__Bacteria;p__Bacteroidota;c__Bacteroidia;o__Bacteroidales;f__Bacteroidaceae;g__Phocaeicola;s__Phocaeicola coprocola"
"101","0.9875",23.4711618196305,"d__Bacteria;p__Spirochaetota;c__Brachyspirae;o__Brachyspirales;f__Brachyspiraceae;g__Brachyspira;s__Brachyspira aalborgi"
"41","1.22448979591837",22.8026011295648,"d__Bacteria;p__Firmicutes;c__Bacilli;o__Erysipelotrichales;f__Erysipelotrichaceae;g__Bulleidia;s__Bulleidia sp900539965"
"43","1.48484848484848",22.7757415160333,"d__Bacteria;p__Firmicutes;c__Bacilli;o__Erysipelotrichales;f__Erysipelotrichaceae;g__Faecalitalea;s__Faecalitalea cylindroides"
"71","0.588832487309645",21.0814371957532,"d__Bacteria;p__Proteobacteria;c__Gammaproteobacteria;o__Burkholderiales;f__Burkholderiaceae;g__Duodenibacillus;s__Duodenibacillus massiliensis"
"29","0.853932584269663",20.9469667240001,"d__Bacteria;p__Firmicutes_A;c__Clostridia;o__Oscillospirales;f__Ruminococcaceae;g__Ruminiclostridium_E;s__Ruminiclostridium_E sp900539195"
"39","0.957142857142857",20.9204910242633,"d__Bacteria;p__Firmicutes;c__Bacilli;o__Erysipelotrichales;f__Erysipelotrichaceae;g__Absicoccus;s__Absicoccus sp000434355"
"5","0.558139534883721",20.7130785751016,"d__Bacteria;p__Bacteroidota;c__Bacteroidia;o__Bacteroidales;f__Bacteroidaceae;g__Bacteroides;s__Bacteroides xylanisolvens"
"11","0.189390962671906",20.648467875112,"d__Bacteria;p__Bacteroidota;c__Bacteroidia;o__Bacteroidales;f__Tannerellaceae;g__Parabacteroides;s__Parabacteroides distasonis"
"98","0.906666666666667",20.3928599936001,"d__Bacteria;p__Proteobacteria;c__Gammaproteobacteria;o__Pseudomonadales;f__Moraxellaceae;g__Acinetobacter;s__Acinetobacter baumannii"
"104","0.983333333333333",19.7770771292772,"d__Bacteria;p__Spirochaetota;c__Spirochaetia;o__Treponematales;f__Treponemataceae;g__Treponema_D;s__Treponema_D succinifaciens"
"34","0.738317757009346",19.4706727628613,"d__Bacteria;p__Firmicutes_C;c__Negativicutes;o__Veillonellales;f__Veillonellaceae;g__Veillonella;s__Veillonella atypica"
"12","0.888888888888889",19.4403848892411,"d__Bacteria;p__Bacteroidota;c__Bacteroidia;o__Bacteroidales;f__Tannerellaceae;g__Parabacteroides;s__Parabacteroides johnsonii"
"107","1",19.3999194926455,"d__Bacteria;p__Verrucomicrobiota;c__Lentisphaeria;o__Victivallales;f__UBA1829;g__UBA1829;s__UBA1829 sp900549045"
"94","0.923076923076923",19.1874819060706,"d__Bacteria;p__Proteobacteria;c__Gammaproteobacteria;o__Enterobacterales;f__Enterobacteriaceae;g__Klebsiella;s__Klebsiella variicola"
"15","7",18.8925065922079,"d__Bacteria;p__Campylobacterota;c__Campylobacteria;o__Campylobacterales;f__Helicobacteraceae;g__HGM08974;s__HGM08974 sp900766555"
"96","7",18.8925065922079,"d__Bacteria;p__Proteobacteria;c__Gammaproteobacteria;o__Enterobacterales;f__Enterobacteriaceae;g__Pseudescherichia;s__Pseudescherichia sp002298805"
"57","1.13157894736842",18.0512125196176,"d__Bacteria;p__Fusobacteriota;c__Fusobacteriia;o__Fusobacteriales;f__Fusobacteriaceae;g__Fusobacterium_A;s__Fusobacterium_A varium"
"69","1.13513513513514",17.8512803817546,"d__Bacteria;p__Proteobacteria;c__Gammaproteobacteria;o__Burkholderiales;f__Burkholderiaceae;g__CAG-521;s__CAG-521 sp000437635"
"88","1.07317073170732",17.6970947955017,"d__Bacteria;p__Proteobacteria;c__Gammaproteobacteria;o__Enterobacterales;f__Enterobacteriaceae;g__Citrobacter;s__Citrobacter freundii"
"1","0.789473684210526",17.3189247068486,"d__Bacteria;p__Bacteroidota;c__Bacteroidia;o__Bacteroidales;f__Bacteroidaceae;g__Bacteroides;s__Bacteroides fragilis_A"
"56","1.15151515151515",17.0392218631011,"d__Bacteria;p__Fusobacteriota;c__Fusobacteriia;o__Fusobacteriales;f__Fusobacteriaceae;g__Fusobacterium_A;s__Fusobacterium_A ulcerans"
"10","0.783783783783784",16.8980536958132,"d__Bacteria;p__Bacteroidota;c__Bacteroidia;o__Bacteroidales;f__Rikenellaceae;g__Alistipes;s__Alistipes sp900290115"
"35","0.731707317073171",16.4392107171988,"d__Bacteria;p__Firmicutes_C;c__Negativicutes;o__Veillonellales;f__Veillonellaceae;g__Veillonella;s__Veillonella dispar_A"
"99","0.976744186046512",16.2520015822103,"d__Bacteria;p__Proteobacteria;c__Gammaproteobacteria;o__Pseudomonadales;f__Pseudomonadaceae;g__Pseudomonas;s__Pseudomonas aeruginosa"
"81","0.901960784313726",16.2472142706395,"d__Bacteria;p__Proteobacteria;c__Gammaproteobacteria;o__Burkholderiales;f__Burkholderiaceae;g__Sutterella;s__"
"92","0.955555555555556",16.2377836885928,"d__Bacteria;p__Proteobacteria;c__Gammaproteobacteria;o__Enterobacterales;f__Enterobacteriaceae;g__Klebsiella;s__Klebsiella aerogenes"
"75","0.934782608695652",16.0092537950525,"d__Bacteria;p__Proteobacteria;c__Gammaproteobacteria;o__Burkholderiales;f__Burkholderiaceae;g__Duodenibacillus;s__Duodenibacillus sp900544335"
"46","1",15.1422377822236,"d__Bacteria;p__Firmicutes;c__Bacilli;o__Erysipelotrichales;f__Erysipelotrichaceae;g__Holdemanella;s__Holdemanella sp003458715"
"2","0.909090909090909",15.0964261815462,"d__Bacteria;p__Bacteroidota;c__Bacteroidia;o__Bacteroidales;f__Bacteroidaceae;g__Bacteroides;s__Bacteroides nordii"
"31","0.830188679245283",14.9954405477404,"d__Bacteria;p__Firmicutes_A;c__Clostridia;o__Peptostreptococcales;f__Peptostreptococcaceae;g__Intestinibacter;s__Intestinibacter bartlettii"
"112","1",14.9080908024015,"d__Bacteria;p__Verrucomicrobiota;c__Verrucomicrobiae;o__Verrucomicrobiales;f__Akkermansiaceae;g__Akkermansia;s__Akkermansia sp004167605"
"8","0.249214659685864",14.7135191912086,"d__Bacteria;p__Bacteroidota;c__Bacteroidia;o__Bacteroidales;f__Marinifilaceae;g__Odoribacter;s__Odoribacter splanchnicus"
"74","0.82",14.2883414666281,"d__Bacteria;p__Proteobacteria;c__Gammaproteobacteria;o__Burkholderiales;f__Burkholderiaceae;g__Duodenibacillus;s__Duodenibacillus sp900544255"
"85","0.82",14.2883414666281,"d__Bacteria;p__Proteobacteria;c__Gammaproteobacteria;o__Burkholderiales;f__Burkholderiaceae;g__Sutterella;s__Sutterella sp900762445"
"40","1.03333333333333",14.2393373376703,"d__Bacteria;p__Firmicutes;c__Bacilli;o__Erysipelotrichales;f__Erysipelotrichaceae;g__Amedibacterium;s__Amedibacterium intestinale"
"48","0.781818181818182",14.2062620828985,"d__Bacteria;p__Firmicutes;c__Bacilli;o__Erysipelotrichales;f__Erysipelotrichaceae;g__Longicatena;s__Longicatena caecimuris"
"77","0.897435897435897",13.8937629093117,"d__Bacteria;p__Proteobacteria;c__Gammaproteobacteria;o__Burkholderiales;f__Burkholderiaceae;g__Mesosutterella;s__Mesosutterella massiliensis"
"13","1",13.6949704458783,"d__Bacteria;p__Campylobacterota;c__Campylobacteria;o__Campylobacterales;f__Campylobacteraceae;g__Campylobacter_D;s__Campylobacter_D coli"
"27","0.741379310344828",13.6877424365342,"d__Bacteria;p__Firmicutes_A;c__Clostridia;o__Lachnospirales;f__Lachnospiraceae;g__Eisenbergiella;s__Eisenbergiella tayi"
"18","1.08",13.5796527046596,"d__Bacteria;p__Elusimicrobiota;c__Elusimicrobia;o__Elusimicrobiales;f__Elusimicrobiaceae;g__UBA1436;s__UBA1436 sp900540405"
"100","1.03703703703704",13.4988286924109,"d__Bacteria;p__Proteobacteria;c__Gammaproteobacteria;o__Xanthomonadales;f__Xanthomonadaceae;g__Stenotrophomonas;s__Stenotrophomonas maltophilia_S"
"76","0.891891891891892",13.3918940261262,"d__Bacteria;p__Proteobacteria;c__Gammaproteobacteria;o__Burkholderiales;f__Burkholderiaceae;g__Duodenibacillus;s__Duodenibacillus sp900767875"
"91","0.914285714285714",13.3842938568096,"d__Bacteria;p__Proteobacteria;c__Gammaproteobacteria;o__Enterobacterales;f__Enterobacteriaceae;g__Enterobacter;s__Enterobacter roggenkampii"
"84","0.818181818181818",13.2608733199308,"d__Bacteria;p__Proteobacteria;c__Gammaproteobacteria;o__Burkholderiales;f__Burkholderiaceae;g__Sutterella;s__Sutterella sp900543805"
"95","0.868421052631579",13.1548141750847,"d__Bacteria;p__Proteobacteria;c__Gammaproteobacteria;o__Enterobacterales;f__Enterobacteriaceae;g__Proteus;s__Proteus mirabilis"
"32","0.571428571428571",13.1302687136596,"d__Bacteria;p__Firmicutes_A;c__Clostridia;o__TANB77;f__CAG-465;g__CAG-465;s__CAG-465 sp000433755"
"30","0.631578947368421",12.9649394975405,"d__Bacteria;p__Firmicutes_A;c__Clostridia;o__Oscillospirales;f__Ruminococcaceae;g__Ruminococcus_D;s__Ruminococcus_D sp000434695"
"26","0.935483870967742",12.8709508651799,"d__Bacteria;p__Firmicutes_A;c__Clostridia;o__Lachnospirales;f__Lachnospiraceae;g__Coprococcus;s__Coprococcus sp900548215"
"58","2.2",12.853875184231,"d__Bacteria;p__Fusobacteriota;c__Fusobacteriia;o__Fusobacteriales;f__Fusobacteriaceae;g__Fusobacterium_B;s__Fusobacterium_B sp900541465"
"102","1",12.6645220847727,"d__Bacteria;p__Spirochaetota;c__Spirochaetia;o__Treponematales;f__Treponemataceae;g__Treponema_D;s__Treponema_D sp900541945"
"103","0.861111111111111",12.63434235057,"d__Bacteria;p__Spirochaetota;c__Spirochaetia;o__Treponematales;f__Treponemataceae;g__Treponema_D;s__Treponema_D sp900541995"
"83","0.683333333333333",12.5584664152372,"d__Bacteria;p__Proteobacteria;c__Gammaproteobacteria;o__Burkholderiales;f__Burkholderiaceae;g__Sutterella;s__Sutterella seckii_A"
"33","0.878787878787879",12.3457057834293,"d__Bacteria;p__Firmicutes_A;c__Clostridia;o__TANB77;f__CAG-508;g__CAG-269;s__CAG-269 sp001916065"
"97","1.04545454545455",12.1934981435477,"d__Bacteria;p__Proteobacteria;c__Gammaproteobacteria;o__Enterobacterales;f__Enterobacteriaceae;g__Raoultella;s__Raoultella ornithinolytica"
"106","1.04545454545455",12.1934981435477,"d__Bacteria;p__Verrucomicrobiota;c__Lentisphaeria;o__Victivallales;f__UBA1829;g__UBA11452;s__UBA11452 sp003526375"
"108","1.04545454545455",12.1934981435477,"d__Bacteria;p__Verrucomicrobiota;c__Lentisphaeria;o__Victivallales;f__Victivallaceae;g__Victivallis;s__Victivallis vadensis"
"68","1",12.1250224997944,"d__Bacteria;p__Proteobacteria;c__Alphaproteobacteria;o__RF32;f__CAG-977;g__UBA2903;s__UBA2903 sp900768875"
"50","0.875",12.0741797462123,"d__Bacteria;p__Firmicutes;c__Bacilli;o__Lactobacillales;f__Enterococcaceae;g__Enterococcus_A;s__Enterococcus_A avium"
"70","1.10526315789474",12.0286637237795,"d__Bacteria;p__Proteobacteria;c__Gammaproteobacteria;o__Burkholderiales;f__Burkholderiaceae;g__Comamonas;s__Comamonas kerstersii"
"67","1",11.8483122152483,"d__Bacteria;p__Proteobacteria;c__Alphaproteobacteria;o__RF32;f__CAG-239;g__RUG410;s__RUG410 sp900769705"
"3","2",11.5928178933845,"d__Bacteria;p__Bacteroidota;c__Bacteroidia;o__Bacteroidales;f__Bacteroidaceae;g__Bacteroides;s__Bacteroides sp900553815"
"20","1.11764705882353",11.4802675398996,"d__Bacteria;p__Firmicutes_A;c__Clostridia_A;o__Christensenellales;f__UBA1242;g__UMGS687;s__UMGS687 sp900544595"
"23","0.455223880597015",11.3682844927392,"d__Bacteria;p__Firmicutes_A;c__Clostridia;o__Lachnospirales;f__Lachnospiraceae;g__Anaerostipes;s__Anaerostipes hadrus_A"
"47","1.05263157894737",11.3579136696706,"d__Bacteria;p__Firmicutes;c__Bacilli;o__Erysipelotrichales;f__Erysipelotrichaceae;g__Holdemania;s__Holdemania sp900120005"
"55","0.956521739130435",11.2340122188196,"d__Bacteria;p__Fusobacteriota;c__Fusobacteriia;o__Fusobacteriales;f__Fusobacteriaceae;g__Fusobacterium_A;s__Fusobacterium_A sp900543175"
"105","1.05882352941176",10.7740494042119,"d__Bacteria;p__Synergistota;c__Synergistia;o__Synergistales;f__Dethiosulfovibrionaceae;g__Pyramidobacter;s__Pyramidobacter piscolens"
"65","1",10.6871636155617,"d__Bacteria;p__Proteobacteria;c__Alphaproteobacteria;o__RF32;f__CAG-239;g__CAG-495;s__CAG-495 sp900540425"
"66","1.14285714285714",10.6227767922176,"d__Bacteria;p__Proteobacteria;c__Alphaproteobacteria;o__RF32;f__CAG-239;g__RUG410;s__RUG410 sp900553115"
"59","0.91304347826087",10.6197122223909,"d__Bacteria;p__Fusobacteriota;c__Fusobacteriia;o__Fusobacteriales;f__Fusobacteriaceae;g__Fusobacterium;s__Fusobacterium animalis"
"89","0.91304347826087",10.6197122223909,"d__Bacteria;p__Proteobacteria;c__Gammaproteobacteria;o__Enterobacterales;f__Enterobacteriaceae;g__Enterobacter;s__Enterobacter asburiae_B"
"49","1.57142857142857",10.5921014830555,"d__Bacteria;p__Firmicutes;c__Bacilli;o__Erysipelotrichales;f__Erysipelotrichaceae;g__NSJ-61;s__NSJ-61 sp003433845"
"17","1.15384615384615",10.3268353324646,"d__Bacteria;p__Desulfobacterota;c__Desulfovibrionia;o__Desulfovibrionales;f__Desulfovibrionaceae;g__Desulfovibrio;s__Desulfovibrio sp900546145"
"82","1",10.0678312685241,"d__Bacteria;p__Proteobacteria;c__Gammaproteobacteria;o__Burkholderiales;f__Burkholderiaceae;g__Sutterella;s__Sutterella parvirubra"
