"","frac","Z","Lineage"
"6","0.000471031559114461",106.356918920206,"d__Bacteria;p__Firmicutes_A;c__Clostridia;o__Lachnospirales;f__Lachnospiraceae;g__Agathobacter;s__Agathobacter rectalis"
"23","0.3046875",95.6314404716451,"d__Bacteria;p__Firmicutes_A;c__Clostridia;o__Oscillospirales;f__Oscillospiraceae;g__Flavonifractor;s__Flavonifractor plautii"
"8","0.944444444444444",87.8008071792109,"d__Bacteria;p__Firmicutes_A;c__Clostridia;o__Lachnospirales;f__Lachnospiraceae;g__Eisenbergiella;s__Eisenbergiella massiliensis"
"39","0.000211999152003392",55.2476619294602,"d__Bacteria;p__Proteobacteria;c__Gammaproteobacteria;o__Enterobacterales;f__Enterobacteriaceae;g__Escherichia;s__Escherichia coli_D"
"38","1.71428571428571",53.0321754192304,"d__Bacteria;p__Firmicutes;c__Bacilli;o__Erysipelotrichales;f__Erysipelotrichaceae;g__NSJ-61;s__NSJ-61 sp003433845"
"1","0.0111142775719578",47.6458595035281,"d__Bacteria;p__Bacteroidota;c__Bacteroidia;o__Bacteroidales;f__Bacteroidaceae;g__Bacteroides;s__Bacteroides uniformis"
"22","0.185328185328185",43.3604401440039,"d__Bacteria;p__Firmicutes_A;c__Clostridia;o__Oscillospirales;f__Oscillospiraceae;g__Dysosmobacter;s__Dysosmobacter welbionis"
"32","0.0342384887839433",36.2133173868006,"d__Bacteria;p__Firmicutes_A;c__Clostridia;o__Oscillospirales;f__Ruminococcaceae;g__Faecalibacterium;s__Faecalibacterium prausnitzii_G"
"3","0.348837209302326",28.1111576669441,"d__Bacteria;p__Firmicutes_A;c__Clostridia;o__Lachnospirales;f__Anaerotignaceae;g__Anaerotignum;s__Anaerotignum lactatifermentans"
"30","1.33333333333333",26.5575160081711,"d__Bacteria;p__Firmicutes_A;c__Clostridia;o__Oscillospirales;f__Oscillospiraceae;g__Pseudoflavonifractor;s__Pseudoflavonifractor capillosus"
"4","0.24",26.2686772276788,"d__Bacteria;p__Firmicutes_A;c__Clostridia;o__Lachnospirales;f__Anaerotignaceae;g__Anaerotignum;s__Anaerotignum sp001304995"
"34","2",22.7688426491189,"d__Bacteria;p__Firmicutes_A;c__Clostridia;o__Peptostreptococcales;f__Anaerovoracaceae;g__Emergencia;s__Emergencia sp900066695"
"5","0.0356188780053428",22.6923316498255,"d__Bacteria;p__Firmicutes_A;c__Clostridia;o__Lachnospirales;f__Lachnospiraceae;g__Acetatifactor;s__Acetatifactor sp900066565"
"9","0.285714285714286",22.6062187198291,"d__Bacteria;p__Firmicutes_A;c__Clostridia;o__Lachnospirales;f__Lachnospiraceae;g__Enterocloster;s__Enterocloster aldenensis"
"12","0.108108108108108",19.6244868991098,"d__Bacteria;p__Firmicutes_A;c__Clostridia;o__Lachnospirales;f__Lachnospiraceae;g__Enterocloster;s__Enterocloster sp001517625"
"10","0.0883534136546185",19.1379234163174,"d__Bacteria;p__Firmicutes_A;c__Clostridia;o__Lachnospirales;f__Lachnospiraceae;g__Enterocloster;s__Enterocloster bolteae"
"31","0.333333333333333",16.6643108700067,"d__Bacteria;p__Firmicutes_A;c__Clostridia;o__Oscillospirales;f__Ruminococcaceae;g__Anaerotruncus;s__Anaerotruncus colihominis"
"17","0.228571428571429",16.2256524023749,"d__Bacteria;p__Firmicutes_A;c__Clostridia;o__Lachnospirales;f__Lachnospiraceae;g__Hungatella;s__Hungatella sp005845265"
"14","1",16.1452841984946,"d__Bacteria;p__Firmicutes_A;c__Clostridia;o__Lachnospirales;f__Lachnospiraceae;g__Enterocloster;s__Enterocloster sp900549235"
"27","1",16.1452841984946,"d__Bacteria;p__Firmicutes_A;c__Clostridia;o__Oscillospirales;f__Oscillospiraceae;g__Lawsonibacter;s__Lawsonibacter sp900754605"
"41","1",16.1452841984946,"d__Bacteria;p__Proteobacteria;c__Gammaproteobacteria;o__Enterobacterales;f__Succinivibrionaceae;g__Anaerobiospirillum;s__Anaerobiospirillum succiniciproducens"
"42","1",16.1452841984946,"d__Bacteria;p__Synergistota;c__Synergistia;o__Synergistales;f__Synergistaceae;g__An23;s__An23 sp900545755"
"16","0.118279569892473",14.1678384349134,"d__Bacteria;p__Firmicutes_A;c__Clostridia;o__Lachnospirales;f__Lachnospiraceae;g__Hungatella;s__Hungatella effluvii"
"25","0.363636363636364",14.0155199618478,"d__Bacteria;p__Firmicutes_A;c__Clostridia;o__Oscillospirales;f__Oscillospiraceae;g__Lawsonibacter;s__Lawsonibacter sp900066645"
"13","0.166666666666667",13.9207382895402,"d__Bacteria;p__Firmicutes_A;c__Clostridia;o__Lachnospirales;f__Lachnospiraceae;g__Enterocloster;s__Enterocloster sp900538485"
"2","0.333333333333333",13.4252608679806,"d__Bacteria;p__Firmicutes_A;c__Clostridia;o__Lachnospirales;f__Anaerotignaceae;g__Anaerotignum;s__"
"18","0.227272727272727",12.5146758667956,"d__Bacteria;p__Firmicutes_A;c__Clostridia;o__Lachnospirales;f__Lachnospiraceae;g__UBA7182;s__UBA7182 sp003480725"
"37","0.375",12.2325269717746,"d__Bacteria;p__Firmicutes;c__Bacilli;o__Erysipelotrichales;f__Erysipelotrichaceae;g__Holdemania;s__Holdemania massiliensis"
"26","0.126984126984127",12.1836866651619,"d__Bacteria;p__Firmicutes_A;c__Clostridia;o__Oscillospirales;f__Oscillospiraceae;g__Lawsonibacter;s__Lawsonibacter sp900066825"
"11","0.333333333333333",11.5350979268809,"d__Bacteria;p__Firmicutes_A;c__Clostridia;o__Lachnospirales;f__Lachnospiraceae;g__Enterocloster;s__Enterocloster citroniae"
"20","0.046242774566474",11.4400602290599,"d__Bacteria;p__Firmicutes_A;c__Clostridia;o__Oscillospirales;f__Oscillospiraceae;g__Dysosmobacter;s__Dysosmobacter sp001916835"
"15","1",11.3388666092626,"d__Bacteria;p__Firmicutes_A;c__Clostridia;o__Lachnospirales;f__Lachnospiraceae;g__GCA-900066755;s__GCA-900066755 sp902363085"
"19","1",11.3388666092626,"d__Bacteria;p__Firmicutes_A;c__Clostridia;o__Oscillospirales;f__Acutalibacteraceae;g__Acutalibacter;s__Acutalibacter sp900755895"
"24","1",11.3388666092626,"d__Bacteria;p__Firmicutes_A;c__Clostridia;o__Oscillospirales;f__Oscillospiraceae;g__Lawsonibacter;s__Lawsonibacter sp003478995"
"28","1",11.3388666092626,"d__Bacteria;p__Firmicutes_A;c__Clostridia;o__Oscillospirales;f__Oscillospiraceae;g__Lawsonibacter;s__Lawsonibacter sp900764755"
"29","1",11.3388666092626,"d__Bacteria;p__Firmicutes_A;c__Clostridia;o__Oscillospirales;f__Oscillospiraceae;g__NSJ-62;s__"
"35","1",11.3388666092626,"d__Bacteria;p__Firmicutes_B;c__Peptococcia;o__Peptococcales;f__Peptococcaceae;g__;s__"
"36","1",11.3388666092626,"d__Bacteria;p__Firmicutes_C;c__Negativicutes;o__Acidaminococcales;f__Acidaminococcaceae;g__Acidaminococcus;s__Acidaminococcus fermentans_A"
"40","1",11.3388666092626,"d__Bacteria;p__Proteobacteria;c__Gammaproteobacteria;o__Enterobacterales;f__Succinivibrionaceae;g__Anaerobiospirillum;s__Anaerobiospirillum sp900543125"
"7","0.0826446280991736",11.2310590475517,"d__Bacteria;p__Firmicutes_A;c__Clostridia;o__Lachnospirales;f__Lachnospiraceae;g__CAG-81;s__CAG-81 sp000435795"
"21","0.4",10.2269239511341,"d__Bacteria;p__Firmicutes_A;c__Clostridia;o__Oscillospirales;f__Oscillospiraceae;g__Dysosmobacter;s__Dysosmobacter sp014297375"
"33","0.122448979591837",10.1592921411308,"d__Bacteria;p__Firmicutes_A;c__Clostridia;o__Oscillospirales;f__Ruminococcaceae;g__Faecalibacterium;s__Faecalibacterium sp900540455"
