"","frac","Z","Lineage"
"26","0.00164861045690061",353.309043149817,"d__Bacteria;p__Firmicutes_A;c__Clostridia;o__Lachnospirales;f__Lachnospiraceae;g__Agathobacter;s__Agathobacter rectalis"
"18","0.858638743455497",182.339607295867,"d__Bacteria;p__Bacteroidota;c__Bacteroidia;o__Bacteroidales;f__Marinifilaceae;g__Odoribacter;s__Odoribacter splanchnicus"
"92","0.000211999152003392",180.837803620072,"d__Bacteria;p__Proteobacteria;c__Gammaproteobacteria;o__Enterobacterales;f__Enterobacteriaceae;g__Escherichia;s__Escherichia coli_D"
"6","0.796633941093969",127.787248348938,"d__Bacteria;p__Bacteroidota;c__Bacteroidia;o__Bacteroidales;f__Bacteroidaceae;g__Bacteroides;s__Bacteroides stercoris"
"93","0.989189189189189",96.2594830820127,"d__Bacteria;p__Proteobacteria;c__Gammaproteobacteria;o__Enterobacterales;f__Succinivibrionaceae;g__Succinivibrio;s__Succinivibrio sp000431835"
"23","0.854545454545454",93.2982959591116,"d__Bacteria;p__Firmicutes_A;c__Clostridia;o__Lachnospirales;f__Anaerotignaceae;g__Anaerotignum;s__Anaerotignum faecicola"
"9","0.715384615384615",87.1885032701112,"d__Bacteria;p__Bacteroidota;c__Bacteroidia;o__Bacteroidales;f__Bacteroidaceae;g__Phocaeicola;s__Phocaeicola plebeius_A"
"54","1",77.8815915896897,"d__Bacteria;p__Firmicutes_A;c__Clostridia;o__Oscillospirales;f__Ruminococcaceae;g__CAG-353;s__CAG-353 sp900066885"
"2","0.962962962962963",74.9494148288935,"d__Bacteria;p__Bacteroidota;c__Bacteroidia;o__Bacteroidales;f__Bacteroidaceae;g__Bacteroides;s__Bacteroides cellulosilyticus"
"75","0.801675977653631",74.6972114668929,"d__Bacteria;p__Firmicutes_C;c__Negativicutes;o__Veillonellales;f__Megasphaeraceae;g__Megasphaera;s__Megasphaera sp000417505"
"33","0.8714859437751",63.6427531048585,"d__Bacteria;p__Firmicutes_A;c__Clostridia;o__Lachnospirales;f__Lachnospiraceae;g__Enterocloster;s__Enterocloster bolteae"
"65","0.735849056603774",62.4372956166341,"d__Bacteria;p__Firmicutes_C;c__Negativicutes;o__Acidaminococcales;f__Acidaminococcaceae;g__Phascolarctobacterium;s__Phascolarctobacterium sp000436095"
"43","0.74822695035461",58.5207884616064,"d__Bacteria;p__Firmicutes_A;c__Clostridia;o__Oscillospirales;f__Acutalibacteraceae;g__Pseudoruminococcus;s__Pseudoruminococcus massiliensis"
"91","0.421338155515371",49.4751682606504,"d__Bacteria;p__Proteobacteria;c__Gammaproteobacteria;o__Burkholderiales;f__Burkholderiaceae;g__Sutterella;s__Sutterella wadsworthensis_A"
"27","0.900826446280992",41.6864639127826,"d__Bacteria;p__Firmicutes_A;c__Clostridia;o__Lachnospirales;f__Lachnospiraceae;g__CAG-81;s__CAG-81 sp000435795"
"3","0.988636363636364",38.1228074796934,"d__Bacteria;p__Bacteroidota;c__Bacteroidia;o__Bacteroidales;f__Bacteroidaceae;g__Bacteroides;s__Bacteroides intestinalis"
"73","0.924731182795699",36.630303781174,"d__Bacteria;p__Firmicutes_C;c__Negativicutes;o__Veillonellales;f__Megasphaeraceae;g__Megasphaera;s__Megasphaera elsdenii"
"25","0.973333333333333",34.136601699476,"d__Bacteria;p__Firmicutes_A;c__Clostridia;o__Lachnospirales;f__Anaerotignaceae;g__Anaerotignum;s__Anaerotignum sp001304995"
"50","1.01587301587302",32.3310333141705,"d__Bacteria;p__Firmicutes_A;c__Clostridia;o__Oscillospirales;f__Oscillospiraceae;g__Lawsonibacter;s__Lawsonibacter sp900066825"
"57","0.91304347826087",30.3419239355705,"d__Bacteria;p__Firmicutes_A;c__Clostridia;o__Oscillospirales;f__Ruminococcaceae;g__Ruminococcus_C;s__Ruminococcus_C sp000437175"
"76","1.10869565217391",29.7191737509927,"d__Bacteria;p__Firmicutes_C;c__Negativicutes;o__Veillonellales;f__Megasphaeraceae;g__Megasphaera;s__Megasphaera sp001546855"
"82","1",29.414819189111,"d__Bacteria;p__Firmicutes;c__Bacilli;o__Erysipelotrichales;f__Erysipelotrichaceae;g__Longicatena;s__Longicatena caecimuris"
"39","1.01960784313725",28.7809625047628,"d__Bacteria;p__Firmicutes_A;c__Clostridia;o__Lachnospirales;f__Lachnospiraceae;g__UBA9502;s__UBA9502 sp900538475"
"47","0.341145833333333",28.7298849499423,"d__Bacteria;p__Firmicutes_A;c__Clostridia;o__Oscillospirales;f__Oscillospiraceae;g__Flavonifractor;s__Flavonifractor plautii"
"28","0.887096774193548",27.6474106699974,"d__Bacteria;p__Firmicutes_A;c__Clostridia;o__Lachnospirales;f__Lachnospiraceae;g__Clostridium_Q;s__Clostridium_Q sp000435655"
"85","0.717391304347826",27.5071752729274,"d__Bacteria;p__Fusobacteriota;c__Fusobacteriia;o__Fusobacteriales;f__Fusobacteriaceae;g__Fusobacterium_A;s__Fusobacterium_A mortiferum"
"16","0.647058823529412",26.0410185667851,"d__Bacteria;p__Bacteroidota;c__Bacteroidia;o__Bacteroidales;f__Bacteroidaceae;g__UBA6398;s__UBA6398 sp003150315"
"32","1.02380952380952",25.9221510925637,"d__Bacteria;p__Firmicutes_A;c__Clostridia;o__Lachnospirales;f__Lachnospiraceae;g__Enterocloster;s__Enterocloster aldenensis"
"45","1.36363636363636",24.6895641280974,"d__Bacteria;p__Firmicutes_A;c__Clostridia;o__Oscillospirales;f__Acutalibacteraceae;g__UMGS856;s__UMGS856 sp900546265"
"74","1",24.2488048688058,"d__Bacteria;p__Firmicutes_C;c__Negativicutes;o__Veillonellales;f__Megasphaeraceae;g__Megasphaera;s__Megasphaera massiliensis"
"66","3.66666666666667",24.1729258352974,"d__Bacteria;p__Firmicutes_C;c__Negativicutes;o__Veillonellales;f__Dialisteraceae;g__UBA1822;s__UBA1822 sp900545365"
"36","0.895833333333333",24.1658519869438,"d__Bacteria;p__Firmicutes_A;c__Clostridia;o__Lachnospirales;f__Lachnospiraceae;g__Enterocloster;s__Enterocloster sp900538485"
"59","0.697368421052632",23.8232970928699,"d__Bacteria;p__Firmicutes_A;c__Clostridia;o__Oscillospirales;f__Ruminococcaceae;g__Ruminococcus_D;s__Ruminococcus_D sp000434695"
"56","0.527131782945736",23.7127137727858,"d__Bacteria;p__Firmicutes_A;c__Clostridia;o__Oscillospirales;f__Ruminococcaceae;g__Negativibacillus;s__Negativibacillus sp000435195"
"55","0.857142857142857",23.2946608463421,"d__Bacteria;p__Firmicutes_A;c__Clostridia;o__Oscillospirales;f__Ruminococcaceae;g__Faecalibacterium;s__Faecalibacterium sp900540455"
"48","1",23.1954989440996,"d__Bacteria;p__Firmicutes_A;c__Clostridia;o__Oscillospirales;f__Oscillospiraceae;g__Lawsonibacter;s__Lawsonibacter asaccharolyticus"
"29","0.609195402298851",22.1266137249667,"d__Bacteria;p__Firmicutes_A;c__Clostridia;o__Lachnospirales;f__Lachnospiraceae;g__Clostridium_Q;s__Clostridium_Q symbiosum"
"90","0.76",20.6322201181743,"d__Bacteria;p__Proteobacteria;c__Gammaproteobacteria;o__Burkholderiales;f__Burkholderiaceae;g__Sutterella;s__Sutterella sp900762445"
"94","1.03703703703704",20.597044181475,"d__Bacteria;p__Proteobacteria;c__Gammaproteobacteria;o__Xanthomonadales;f__Xanthomonadaceae;g__Stenotrophomonas;s__Stenotrophomonas maltophilia_S"
"71","0.909090909090909",19.9324977711818,"d__Bacteria;p__Firmicutes_C;c__Negativicutes;o__Veillonellales;f__Megasphaeraceae;g__Caecibacter;s__Caecibacter sp003467125"
"37","0.526881720430108",19.4634092456171,"d__Bacteria;p__Firmicutes_A;c__Clostridia;o__Lachnospirales;f__Lachnospiraceae;g__Hungatella;s__Hungatella effluvii"
"38","0.857142857142857",19.3068107956914,"d__Bacteria;p__Firmicutes_A;c__Clostridia;o__Lachnospirales;f__Lachnospiraceae;g__Hungatella;s__Hungatella sp005845265"
"24","0.767441860465116",19.1623323189838,"d__Bacteria;p__Firmicutes_A;c__Clostridia;o__Lachnospirales;f__Anaerotignaceae;g__Anaerotignum;s__Anaerotignum lactatifermentans"
"21","0.896551724137931",18.2873642870302,"d__Bacteria;p__Firmicutes_A;c__Clostridia;o__Clostridiales;f__Clostridiaceae;g__Clostridium;s__Clostridium neonatale"
"8","0.925925925925926",18.2161710792855,"d__Bacteria;p__Bacteroidota;c__Bacteroidia;o__Bacteroidales;f__Bacteroidaceae;g__CAG-462;s__CAG-462 sp900291465"
"49","0.925925925925926",18.2161710792855,"d__Bacteria;p__Firmicutes_A;c__Clostridia;o__Oscillospirales;f__Oscillospiraceae;g__Lawsonibacter;s__Lawsonibacter sp000177015"
"46","0.297297297297297",18.1916843484012,"d__Bacteria;p__Firmicutes_A;c__Clostridia;o__Oscillospirales;f__Oscillospiraceae;g__Dysosmobacter;s__Dysosmobacter welbionis"
"52","1.11111111111111",17.8141576414653,"d__Bacteria;p__Firmicutes_A;c__Clostridia;o__Oscillospirales;f__Ruminococcaceae;g__Anaerotruncus;s__Anaerotruncus colihominis"
"81","1.05263157894737",17.3033457637858,"d__Bacteria;p__Firmicutes;c__Bacilli;o__Erysipelotrichales;f__Erysipelotrichaceae;g__Holdemania;s__Holdemania sp900120005"
"78","1",17.2782084248537,"d__Bacteria;p__Firmicutes_C;c__Negativicutes;o__Veillonellales;f__Megasphaeraceae;g__Megasphaera;s__Megasphaera stantonii"
"58","0.954545454545455",16.8466796653181,"d__Bacteria;p__Firmicutes_A;c__Clostridia;o__Oscillospirales;f__Ruminococcaceae;g__Ruminococcus_C;s__Ruminococcus_C sp900545285"
"10","0.88",16.5244716037068,"d__Bacteria;p__Bacteroidota;c__Bacteroidia;o__Bacteroidales;f__Bacteroidaceae;g__Phocaeicola;s__Phocaeicola sp900542985"
"67","0.95",15.9189166575488,"d__Bacteria;p__Firmicutes_C;c__Negativicutes;o__Veillonellales;f__Megasphaeraceae;g__Anaeroglobus;s__Anaeroglobus geminatus"
"1","2.33333333333333",15.1971945534157,"d__Archaea;p__Thermoplasmatota;c__Thermoplasmata;o__Methanomassiliicoccales;f__Methanomethylophilaceae;g__UBA71;s__"
"61","1",14.9300650128361,"d__Bacteria;p__Firmicutes_A;c__Clostridia;o__Oscillospirales;f__Ruminococcaceae;g__UMGS966;s__UMGS966 sp900547185"
"40","0.894736842105263",14.5064110254474,"d__Bacteria;p__Firmicutes_A;c__Clostridia;o__Lachnospirales;f__Lachnospiraceae;g__UBA9502;s__UBA9502 sp900540335"
"12","1.08333333333333",13.9665487835322,"d__Bacteria;p__Bacteroidota;c__Bacteroidia;o__Bacteroidales;f__Bacteroidaceae;g__Prevotella;s__Prevotella intermedia"
"41","0.9375",13.9203930886478,"d__Bacteria;p__Firmicutes_A;c__Clostridia;o__Lachnospirales;f__Lachnospiraceae;g__UMGS1370;s__UMGS1370 sp900542035"
"4","1",13.9038237360512,"d__Bacteria;p__Bacteroidota;c__Bacteroidia;o__Bacteroidales;f__Bacteroidaceae;g__Bacteroides;s__Bacteroides sp900556215"
"63","0.75",13.5493142399875,"d__Bacteria;p__Firmicutes_A;c__Clostridia;o__Peptostreptococcales;f__Anaerovoracaceae;g__CAG-145;s__CAG-145 sp900545135"
"20","0.933333333333333",13.3838583336589,"d__Bacteria;p__Campylobacterota;c__Campylobacteria;o__Campylobacterales;f__Campylobacteraceae;g__Campylobacter_A;s__Campylobacter_A concisus_R"
"5","1.25",13.1471819299114,"d__Bacteria;p__Bacteroidota;c__Bacteroidia;o__Bacteroidales;f__Bacteroidaceae;g__Bacteroides;s__Bacteroides stercorirosoris"
"62","1.75",13.0719920113775,"d__Bacteria;p__Firmicutes_A;c__Clostridia;o__Peptostreptococcales;f__Anaerovoracaceae;g__CAG-145;s__CAG-145 sp900542565"
"87","1.1",12.8940335194826,"d__Bacteria;p__Myxococcota;c__Bradymonadia;o__UBA4248;f__UBA4248;g__UBA4248;s__UBA4248 sp004554395"
"68","0.761904761904762",12.8268969761636,"d__Bacteria;p__Firmicutes_C;c__Negativicutes;o__Veillonellales;f__Megasphaeraceae;g__Anaeroglobus;s__Anaeroglobus massiliensis"
"69","0.823529411764706",12.477483851454,"d__Bacteria;p__Firmicutes_C;c__Negativicutes;o__Veillonellales;f__Megasphaeraceae;g__Caecibacter;s__Caecibacter hominis"
"13","0.511111111111111",12.3713976699162,"d__Bacteria;p__Bacteroidota;c__Bacteroidia;o__Bacteroidales;f__Bacteroidaceae;g__Prevotella;s__Prevotella sp000436035"
"72","0.736842105263158",11.709476287109,"d__Bacteria;p__Firmicutes_C;c__Negativicutes;o__Veillonellales;f__Megasphaeraceae;g__Caecibacter;s__Caecibacter sp900549385"
"11","0.916666666666667",11.6561732197916,"d__Bacteria;p__Bacteroidota;c__Bacteroidia;o__Bacteroidales;f__Bacteroidaceae;g__Prevotella;s__Prevotella disiens"
"77","0.916666666666667",11.6561732197916,"d__Bacteria;p__Firmicutes_C;c__Negativicutes;o__Veillonellales;f__Megasphaeraceae;g__Megasphaera;s__Megasphaera sp002319965"
"14","0.450980392156863",11.4407670909224,"d__Bacteria;p__Bacteroidota;c__Bacteroidia;o__Bacteroidales;f__Bacteroidaceae;g__Prevotella;s__Prevotella sp900540415"
"89","0.450980392156863",11.4407670909224,"d__Bacteria;p__Proteobacteria;c__Gammaproteobacteria;o__Burkholderiales;f__Burkholderiaceae;g__Sutterella;s__"
"30","0.3625",11.3219763249768,"d__Bacteria;p__Firmicutes_A;c__Clostridia;o__Lachnospirales;f__Lachnospiraceae;g__Dorea;s__Dorea formicigenerans"
"31","0.846153846153846",11.1416922797789,"d__Bacteria;p__Firmicutes_A;c__Clostridia;o__Lachnospirales;f__Lachnospiraceae;g__Eisenbergiella;s__Eisenbergiella sp900550285"
"7","1.14285714285714",11.1414658261465,"d__Bacteria;p__Bacteroidota;c__Bacteroidia;o__Bacteroidales;f__Bacteroidaceae;g__CAG-462;s__CAG-462 sp003489705"
"83","1.14285714285714",11.1414658261465,"d__Bacteria;p__Firmicutes;c__Bacilli;o__Erysipelotrichales;f__Erysipelotrichaceae;g__NSJ-61;s__NSJ-61 sp003433845"
"34","1",11.00762995848,"d__Bacteria;p__Firmicutes_A;c__Clostridia;o__Lachnospirales;f__Lachnospiraceae;g__Enterocloster;s__Enterocloster citroniae"
"88","1",11.00762995848,"d__Bacteria;p__Proteobacteria;c__Gammaproteobacteria;o__Burkholderiales;f__Burkholderiaceae;g__Oxalobacter;s__Oxalobacter formigenes"
"64","0.239130434782609",10.7155879940626,"d__Bacteria;p__Firmicutes_A;c__Clostridia;o__TANB77;f__CAG-508;g__CAG-273;s__CAG-273 sp003534295"
"44","2",10.5207729803579,"d__Bacteria;p__Firmicutes_A;c__Clostridia;o__Oscillospirales;f__Acutalibacteraceae;g__UMGS856;s__"
"53","2",10.5207729803579,"d__Bacteria;p__Firmicutes_A;c__Clostridia;o__Oscillospirales;f__Ruminococcaceae;g__CAG-115;s__CAG-115 sp002492075"
"70","1.16666666666667",10.510378809531,"d__Bacteria;p__Firmicutes_C;c__Negativicutes;o__Veillonellales;f__Megasphaeraceae;g__Caecibacter;s__Caecibacter massiliensis"
"15","0.833333333333333",10.5009854379213,"d__Bacteria;p__Bacteroidota;c__Bacteroidia;o__Bacteroidales;f__Bacteroidaceae;g__Prevotellamassilia;s__Prevotellamassilia sp900541335"
"22","0.833333333333333",10.5009854379213,"d__Bacteria;p__Firmicutes_A;c__Clostridia;o__Lachnospirales;f__Anaerotignaceae;g__Anaerotignum;s__"
"79","0.833333333333333",10.5009854379213,"d__Bacteria;p__Firmicutes;c__Bacilli;o__Erysipelotrichales;f__Erysipelotrichaceae;g__Dielma;s__Dielma fastidiosa"
"51","0.9",10.3761356812227,"d__Bacteria;p__Firmicutes_A;c__Clostridia;o__Oscillospirales;f__Oscillospiraceae;g__Lawsonibacter;s__Lawsonibacter sp902363045"
"60","0.9",10.3761356812227,"d__Bacteria;p__Firmicutes_A;c__Clostridia;o__Oscillospirales;f__Ruminococcaceae;g__Ruminococcus_D;s__Ruminococcus_D sp900543145"
"17","1",10.3479803840731,"d__Bacteria;p__Bacteroidota;c__Bacteroidia;o__Bacteroidales;f__Barnesiellaceae;g__Barnesiella;s__Barnesiella sp900538705"
"19","1",10.3479803840731,"d__Bacteria;p__Bacteroidota;c__Bacteroidia;o__Bacteroidales;f__Muribaculaceae;g__CAG-279;s__CAG-279 sp900541935"
"35","1",10.3479803840731,"d__Bacteria;p__Firmicutes_A;c__Clostridia;o__Lachnospirales;f__Lachnospiraceae;g__Enterocloster;s__Enterocloster sp000155435"
"80","1",10.3479803840731,"d__Bacteria;p__Firmicutes;c__Bacilli;o__Erysipelotrichales;f__Erysipelotrichaceae;g__Holdemania;s__Holdemania massiliensis"
"84","1",10.3479803840731,"d__Bacteria;p__Firmicutes;c__Bacilli;o__RF39;f__UBA660;g__UBA7057;s__UBA7057 sp900543675"
"86","1",10.3479803840731,"d__Bacteria;p__Fusobacteriota;c__Fusobacteriia;o__Fusobacteriales;f__Fusobacteriaceae;g__Fusobacterium_C;s__Fusobacterium_C gonidiaformans"
"42","0.666666666666667",10.1667200734867,"d__Bacteria;p__Firmicutes_A;c__Clostridia;o__Oscillospirales;f__Acutalibacteraceae;g__Anaeromassilibacillus;s__Anaeromassilibacillus sp001305115"
