"","frac","Z","Lineage"
"43","2.33876221498371",143.848121447333,"d__Bacteria;p__Firmicutes_C;c__Negativicutes;o__Veillonellales;f__Dialisteraceae;g__Dialister;s__Dialister invisus"
"3","1.54698457223001",119.903995778997,"d__Bacteria;p__Bacteroidota;c__Bacteroidia;o__Bacteroidales;f__Bacteroidaceae;g__Bacteroides;s__Bacteroides stercoris"
"29","1.37865168539326",106.248366448244,"d__Bacteria;p__Firmicutes_A;c__Clostridia;o__Oscillospirales;f__Acutalibacteraceae;g__Ruminococcus_E;s__Ruminococcus_E sp003526955"
"10","0.996527777777778",95.4621916541253,"d__Bacteria;p__Bacteroidota;c__Bacteroidia;o__Bacteroidales;f__Rikenellaceae;g__Alistipes;s__Alistipes putredinis"
"21","1.07534246575342",73.5203880573277,"d__Bacteria;p__Firmicutes_A;c__Clostridia;o__Lachnospirales;f__Lachnospiraceae;g__Fusicatenibacter;s__Fusicatenibacter saccharivorans"
"54","2.06730769230769",57.9298279325997,"d__Bacteria;p__Proteobacteria;c__Alphaproteobacteria;o__RF32;f__CAG-239;g__CAG-267;s__CAG-267 sp001917135"
"27","1.00515705578997",49.7828142245521,"d__Bacteria;p__Firmicutes_A;c__Clostridia;o__Oscillospirales;f__Acutalibacteraceae;g__Ruminococcus_E;s__Ruminococcus_E bromii_B"
"46","10",38.7635298390456,"d__Bacteria;p__Firmicutes;c__Bacilli;o__Bacillales_A;f__Planococcaceae;g__Kurthia;s__Kurthia massiliensis"
"7","1.19423076923077",38.6218403218015,"d__Bacteria;p__Bacteroidota;c__Bacteroidia;o__Bacteroidales;f__Bacteroidaceae;g__Phocaeicola;s__Phocaeicola plebeius_A"
"62","1.02026554856744",32.8338007099869,"d__Bacteria;p__Verrucomicrobiota;c__Verrucomicrobiae;o__Verrucomicrobiales;f__Akkermansiaceae;g__Akkermansia;s__Akkermansia muciniphila"
"50","1.1335952848723",28.9199027346702,"d__Bacteria;p__Firmicutes;c__Bacilli;o__Erysipelotrichales;f__Erysipelotrichaceae;g__Holdemanella;s__Holdemanella sp002299315"
"17","0.993353474320242",26.624930112997,"d__Bacteria;p__Firmicutes_A;c__Clostridia;o__Lachnospirales;f__Lachnospiraceae;g__Agathobacter;s__Agathobacter faecis"
"11","7",25.9279798621857,"d__Bacteria;p__Campylobacterota;c__Campylobacteria;o__Campylobacterales;f__Helicobacteraceae;g__HGM08974;s__HGM08974 sp900766555"
"53","7",25.9279798621857,"d__Bacteria;p__Fusobacteriota;c__Fusobacteriia;o__Fusobacteriales;f__Leptotrichiaceae;g__Leptotrichia;s__Leptotrichia wadei"
"55","7",25.9279798621857,"d__Bacteria;p__Proteobacteria;c__Alphaproteobacteria;o__Sphingomonadales;f__Sphingomonadaceae;g__Sphingomonas;s__"
"60","7",25.9279798621857,"d__Bacteria;p__Proteobacteria;c__Gammaproteobacteria;o__Enterobacterales;f__Enterobacteriaceae;g__Pseudescherichia;s__Pseudescherichia sp002298805"
"9","1.01093355761144",23.2294209238628,"d__Bacteria;p__Bacteroidota;c__Bacteroidia;o__Bacteroidales;f__Rikenellaceae;g__Alistipes;s__Alistipes onderdonkii"
"51","4",22.9523837358854,"d__Bacteria;p__Firmicutes;c__Bacilli;o__Lactobacillales;f__Lactobacillaceae;g__Lentilactobacillus;s__Lentilactobacillus hilgardii"
"41","1.3469387755102",20.1843356423358,"d__Bacteria;p__Firmicutes_A;c__Clostridia;o__TANB77;f__CAG-465;g__CAG-465;s__CAG-465 sp000433755"
"28","1.48275862068966",19.8398039735525,"d__Bacteria;p__Firmicutes_A;c__Clostridia;o__Oscillospirales;f__Acutalibacteraceae;g__Ruminococcus_E;s__Ruminococcus_E sp003438075"
"32","0.998326359832636",19.2119874355603,"d__Bacteria;p__Firmicutes_A;c__Clostridia;o__Oscillospirales;f__Oscillospiraceae;g__ER4;s__ER4 sp000765235"
"5","1.17674418604651",19.1458711393846,"d__Bacteria;p__Bacteroidota;c__Bacteroidia;o__Bacteroidales;f__Bacteroidaceae;g__Bacteroides;s__Bacteroides xylanisolvens"
"35","1.21818181818182",18.9783745261542,"d__Bacteria;p__Firmicutes_A;c__Clostridia;o__Oscillospirales;f__Ruminococcaceae;g__Ruminococcus_C;s__Ruminococcus_C sp000980705"
"49","1.16438356164384",18.3671656351214,"d__Bacteria;p__Firmicutes;c__Bacilli;o__Erysipelotrichales;f__Erysipelotrichaceae;g__Holdemanella;s__Holdemanella biformis"
"58","1.03171953255426",15.6256552406129,"d__Bacteria;p__Proteobacteria;c__Gammaproteobacteria;o__Burkholderiales;f__Burkholderiaceae;g__Sutterella;s__Sutterella wadsworthensis"
"34","1.47368421052632",15.3796637768791,"d__Bacteria;p__Firmicutes_A;c__Clostridia;o__Oscillospirales;f__Ruminococcaceae;g__Ruminococcus_C;s__Ruminococcus_C sp000437255"
"33","1.07507507507508",14.7117913215578,"d__Bacteria;p__Firmicutes_A;c__Clostridia;o__Oscillospirales;f__Ruminococcaceae;g__Ruminococcus_C;s__Ruminococcus_C callidus"
"40","2.4",14.2573707692816,"d__Bacteria;p__Firmicutes_A;c__Clostridia;o__Peptostreptococcales;f__Peptostreptococcaceae;g__Peptostreptococcus;s__Peptostreptococcus stomatis"
"45","2.4",14.2573707692816,"d__Bacteria;p__Firmicutes_C;c__Negativicutes;o__Veillonellales;f__Negativicoccaceae;g__Negativicoccus;s__Negativicoccus succinicivorans"
"8","0.994764397905759",14.2231237343734,"d__Bacteria;p__Bacteroidota;c__Bacteroidia;o__Bacteroidales;f__Marinifilaceae;g__Odoribacter;s__Odoribacter splanchnicus"
"22","0.965129358830146",13.9844704092071,"d__Bacteria;p__Firmicutes_A;c__Clostridia;o__Lachnospirales;f__Lachnospiraceae;g__Lachnospira;s__Lachnospira eligens_A"
"14","1.83333333333333",13.7986381313667,"d__Bacteria;p__Firmicutes_A;c__Clostridia_A;o__Christensenellales;f__CAG-74;g__SFFH01;s__SFFH01 sp900542445"
"36","0.963427947598253",13.6747205360822,"d__Bacteria;p__Firmicutes_A;c__Clostridia;o__Oscillospirales;f__Ruminococcaceae;g__Ruminococcus_D;s__Ruminococcus_D bicirculans"
"56","1.05405405405405",13.3974741423373,"d__Bacteria;p__Proteobacteria;c__Gammaproteobacteria;o__Burkholderiales;f__Burkholderiaceae;g__Parasutterella;s__Parasutterella excrementihominis"
"1","1.01401869158878",13.3639509702474,"d__Bacteria;p__Bacteroidota;c__Bacteroidia;o__Bacteroidales;f__Bacteroidaceae;g__Bacteroides;s__Bacteroides ovatus"
"24","1.01404056162246",13.3502857787279,"d__Bacteria;p__Firmicutes_A;c__Clostridia;o__Lachnospirales;f__Lachnospiraceae;g__Roseburia;s__Roseburia sp900552665"
"23","1.01864406779661",13.2328381827402,"d__Bacteria;p__Firmicutes_A;c__Clostridia;o__Lachnospirales;f__Lachnospiraceae;g__Roseburia;s__Roseburia intestinalis"
"59","1.0187074829932",13.206591785739,"d__Bacteria;p__Proteobacteria;c__Gammaproteobacteria;o__Enterobacterales;f__Enterobacteriaceae;g__Klebsiella;s__Klebsiella pneumoniae"
"38","2.16666666666667",13.1692407109575,"d__Bacteria;p__Firmicutes_A;c__Clostridia;o__Peptostreptococcales;f__Anaerovoracaceae;g__CAG-238;s__CAG-238 sp900542245"
"39","1.64705882352941",13.1473312388575,"d__Bacteria;p__Firmicutes_A;c__Clostridia;o__Peptostreptococcales;f__Anaerovoracaceae;g__CAG-238;s__CAG-238 sp900551415"
"12","4",13.0924298853258,"d__Bacteria;p__Firmicutes_A;c__Clostridia_A;o__Christensenellales;f__Borkfalkiaceae;g__UMGS775;s__"
"30","1.54545454545455",12.9340790508058,"d__Bacteria;p__Firmicutes_A;c__Clostridia;o__Oscillospirales;f__Acutalibacteraceae;g__UMGS856;s__UMGS856 sp900546265"
"31","1.05491329479769",12.8622857883842,"d__Bacteria;p__Firmicutes_A;c__Clostridia;o__Oscillospirales;f__Oscillospiraceae;g__Dysosmobacter;s__Dysosmobacter sp001916835"
"4","1.05993690851735",12.6176837543902,"d__Bacteria;p__Bacteroidota;c__Bacteroidia;o__Bacteroidales;f__Bacteroidaceae;g__Bacteroides;s__Bacteroides thetaiotaomicron"
"20","1.02140077821012",12.2573193790165,"d__Bacteria;p__Firmicutes_A;c__Clostridia;o__Lachnospirales;f__Lachnospiraceae;g__Enterocloster;s__Enterocloster sp000431375"
"47","1.30612244897959",12.1636229155606,"d__Bacteria;p__Firmicutes;c__Bacilli;o__Erysipelotrichales;f__Erysipelotrichaceae;g__Bulleidia;s__Bulleidia sp900539965"
"57","1.04132231404959",11.7390829398895,"d__Bacteria;p__Proteobacteria;c__Gammaproteobacteria;o__Burkholderiales;f__Burkholderiaceae;g__Parasutterella;s__Parasutterella sp000980495"
"44","1.02843601895735",11.445535703252,"d__Bacteria;p__Firmicutes_C;c__Negativicutes;o__Veillonellales;f__Dialisteraceae;g__Dialister;s__Dialister sp000434475"
"37","1.03856749311295",11.4200369691845,"d__Bacteria;p__Firmicutes_A;c__Clostridia;o__Oscillospirales;f__Ruminococcaceae;g__Ruthenibacterium;s__Ruthenibacterium lactatiformans"
"6","1.04",11.2860323926032,"d__Bacteria;p__Bacteroidota;c__Bacteroidia;o__Bacteroidales;f__Bacteroidaceae;g__Phocaeicola;s__Phocaeicola coprocola"
"18","1.01104972375691",11.1765505654541,"d__Bacteria;p__Firmicutes_A;c__Clostridia;o__Lachnospirales;f__Lachnospiraceae;g__Butyrivibrio_A;s__Butyrivibrio_A crossotus"
"61","1.03513513513514",11.1759132738266,"d__Bacteria;p__Proteobacteria;c__Gammaproteobacteria;o__Enterobacterales;f__Succinivibrionaceae;g__Succinivibrio;s__Succinivibrio sp000431835"
"19","1.00326264274062",10.9883299960348,"d__Bacteria;p__Firmicutes_A;c__Clostridia;o__Lachnospirales;f__Lachnospiraceae;g__Eisenbergiella;s__Eisenbergiella sp900066775"
"15","1.37931034482759",10.907482590008,"d__Bacteria;p__Firmicutes_A;c__Clostridia;o__Clostridiales;f__Clostridiaceae;g__Clostridium;s__Clostridium neonatale"
"48","1.33333333333333",10.4844125987056,"d__Bacteria;p__Firmicutes;c__Bacilli;o__Erysipelotrichales;f__Erysipelotrichaceae;g__Faecalitalea;s__Faecalitalea cylindroides"
"16","1.01818181818182",10.4418688062988,"d__Bacteria;p__Firmicutes_A;c__Clostridia;o__Lachnospirales;f__Anaerotignaceae;g__Anaerotignum;s__Anaerotignum faecicola"
"25","0.992957746478873",10.4297323407814,"d__Bacteria;p__Firmicutes_A;c__Clostridia;o__Lachnospirales;f__Lachnospiraceae;g__Ruminococcus_B;s__Ruminococcus_B gnavus"
"2","2",10.3513474102282,"d__Bacteria;p__Bacteroidota;c__Bacteroidia;o__Bacteroidales;f__Bacteroidaceae;g__Bacteroides;s__Bacteroides sp900553815"
"26","1.04609929078014",10.2923604968975,"d__Bacteria;p__Firmicutes_A;c__Clostridia;o__Oscillospirales;f__Acutalibacteraceae;g__Pseudoruminococcus;s__Pseudoruminococcus massiliensis"
"42","1.09554140127389",10.2861739965357,"d__Bacteria;p__Firmicutes_A;c__Clostridia;o__TANB77;f__CAG-508;g__CAG-269;s__CAG-269 sp000431335"
"52","1.06008583690987",10.241766639716,"d__Bacteria;p__Firmicutes;c__Bacilli;o__Staphylococcales;f__Staphylococcaceae;g__Staphylococcus;s__Staphylococcus epidermidis"
"13","0.995356037151703",10.0489542300804,"d__Bacteria;p__Firmicutes_A;c__Clostridia_A;o__Christensenellales;f__CAG-138;g__PeH17;s__PeH17 sp000435055"
