"","frac","Z","Lineage"
"21","0.598176118552294",5140.00180566706,"d__Bacteria;p__Bacteroidota;c__Bacteroidia;o__Bacteroidales;f__Bacteroidaceae;g__Bacteroides;s__Bacteroides uniformis"
"27","0.0523864959254948",209.839898554892,"d__Bacteria;p__Bacteroidota;c__Bacteroidia;o__Bacteroidales;f__Bacteroidaceae;g__Phocaeicola;s__Phocaeicola dorei"
"55","0.0023551577955723",174.952691003994,"d__Bacteria;p__Firmicutes_A;c__Clostridia;o__Lachnospirales;f__Lachnospiraceae;g__Agathobacter;s__Agathobacter rectalis"
"20","1.04416403785489",169.171877542372,"d__Bacteria;p__Bacteroidota;c__Bacteroidia;o__Bacteroidales;f__Bacteroidaceae;g__Bacteroides;s__Bacteroides thetaiotaomicron"
"4","0.780405405405405",119.612557625122,"d__Bacteria;p__Bacteroidota;c__Bacteroidia;o__Bacteroidales;f__Bacteroidaceae;g__Bacteroides;s__Bacteroides caccae"
"22","0.948837209302326",117.922013471304,"d__Bacteria;p__Bacteroidota;c__Bacteroidia;o__Bacteroidales;f__Bacteroidaceae;g__Bacteroides;s__Bacteroides xylanisolvens"
"5","0.703703703703704",100.922533075218,"d__Bacteria;p__Bacteroidota;c__Bacteroidia;o__Bacteroidales;f__Bacteroidaceae;g__Bacteroides;s__Bacteroides cellulosilyticus"
"64","0",97.7370145471323,"d__Bacteria;p__Proteobacteria;c__Gammaproteobacteria;o__Enterobacterales;f__Enterobacteriaceae;g__Escherichia;s__Escherichia coli_D"
"7","1.21212121212121",93.4672772301779,"d__Bacteria;p__Bacteroidota;c__Bacteroidia;o__Bacteroidales;f__Bacteroidaceae;g__Bacteroides;s__Bacteroides faecis"
"12","0.294392523364486",77.0882446007072,"d__Bacteria;p__Bacteroidota;c__Bacteroidia;o__Bacteroidales;f__Bacteroidaceae;g__Bacteroides;s__Bacteroides ovatus"
"26","0.388571428571429",64.9356141040651,"d__Bacteria;p__Bacteroidota;c__Bacteroidia;o__Bacteroidales;f__Bacteroidaceae;g__Phocaeicola;s__Phocaeicola coprocola"
"46","0.510204081632653",58.4144548972393,"d__Bacteria;p__Bacteroidota;c__Bacteroidia;o__Bacteroidales;f__Muribaculaceae;g__Sodaliphilus;s__Sodaliphilus sp004557565"
"50","0.629310344827586",52.4022270889829,"d__Bacteria;p__Bacteroidota;c__Bacteroidia;o__Bacteroidales;f__UBA932;g__RC9;s__RC9 sp000431015"
"37","0.549180327868853",46.8867609439869,"d__Bacteria;p__Bacteroidota;c__Bacteroidia;o__Bacteroidales;f__Coprobacteraceae;g__Coprobacter;s__Coprobacter fastidiosus"
"33","0.283333333333333",41.468665308224,"d__Bacteria;p__Bacteroidota;c__Bacteroidia;o__Bacteroidales;f__Bacteroidaceae;g__Prevotella;s__Prevotella sp900313215"
"13","0.942857142857143",39.8933333421411,"d__Bacteria;p__Bacteroidota;c__Bacteroidia;o__Bacteroidales;f__Bacteroidaceae;g__Bacteroides;s__Bacteroides salyersiae"
"58","0.424242424242424",37.5112294605631,"d__Bacteria;p__Firmicutes_A;c__Clostridia;o__Oscillospirales;f__Acutalibacteraceae;g__Eubacterium_R;s__Eubacterium_R sp000433975"
"48","0.35672514619883",36.6585372065156,"d__Bacteria;p__Bacteroidota;c__Bacteroidia;o__Bacteroidales;f__Rikenellaceae;g__Alistipes_A;s__Alistipes_A ihumii"
"56","0.386861313868613",34.8010462738676,"d__Bacteria;p__Firmicutes_A;c__Clostridia;o__Oscillospirales;f__Acutalibacteraceae;g__CAG-488;s__CAG-488 sp000434055"
"36","0.0748808713410483",34.397623365148,"d__Bacteria;p__Bacteroidota;c__Bacteroidia;o__Bacteroidales;f__Bacteroidaceae;g__Prevotella;s__Prevotella sp900557255"
"51","0.19047619047619",33.9610626256989,"d__Bacteria;p__Bacteroidota;c__Bacteroidia;o__Bacteroidales;f__UBA932;g__RC9;s__RC9 sp000433355"
"31","0.438775510204082",32.469986981246,"d__Bacteria;p__Bacteroidota;c__Bacteroidia;o__Bacteroidales;f__Bacteroidaceae;g__Prevotella;s__Prevotella sp002299635"
"59","0.175392670157068",28.8071985694837,"d__Bacteria;p__Firmicutes_A;c__Clostridia;o__Oscillospirales;f__Acutalibacteraceae;g__Eubacterium_R;s__Eubacterium_R sp000434995"
"25","2",27.096806774472,"d__Bacteria;p__Bacteroidota;c__Bacteroidia;o__Bacteroidales;f__Bacteroidaceae;g__OM05-12;s__OM05-12 sp003438995"
"10","0.568181818181818",26.8484075944598,"d__Bacteria;p__Bacteroidota;c__Bacteroidia;o__Bacteroidales;f__Bacteroidaceae;g__Bacteroides;s__Bacteroides nordii"
"19","1.25",24.1144094991789,"d__Bacteria;p__Bacteroidota;c__Bacteroidia;o__Bacteroidales;f__Bacteroidaceae;g__Bacteroides;s__Bacteroides stercorirosoris"
"9","1",23.7706805221106,"d__Bacteria;p__Bacteroidota;c__Bacteroidia;o__Bacteroidales;f__Bacteroidaceae;g__Bacteroides;s__Bacteroides ndongoniae"
"40","1.75",23.6698286949205,"d__Bacteria;p__Bacteroidota;c__Bacteroidia;o__Bacteroidales;f__Marinifilaceae;g__Butyricimonas;s__Butyricimonas sp900759925"
"60","0.0987841945288754",21.9241777925056,"d__Bacteria;p__Firmicutes_A;c__Clostridia;o__Oscillospirales;f__Acutalibacteraceae;g__Eubacterium_R;s__Eubacterium_R sp000436835"
"42","0.548387096774194",21.3068229439359,"d__Bacteria;p__Bacteroidota;c__Bacteroidia;o__Bacteroidales;f__Marinifilaceae;g__Odoribacter;s__Odoribacter massiliensis"
"28","0.8",21.2832646268042,"d__Bacteria;p__Bacteroidota;c__Bacteroidia;o__Bacteroidales;f__Bacteroidaceae;g__Phocaeicola;s__Phocaeicola sp002161565"
"16","0.785714285714286",20.1378856082118,"d__Bacteria;p__Bacteroidota;c__Bacteroidia;o__Bacteroidales;f__Bacteroidaceae;g__Bacteroides;s__Bacteroides sp900556215"
"57","0.785714285714286",20.1378856082118,"d__Bacteria;p__Firmicutes_A;c__Clostridia;o__Oscillospirales;f__Acutalibacteraceae;g__Eubacterium_R;s__Eubacterium_R sp000431535"
"24","0.555555555555556",20.0242266938424,"d__Bacteria;p__Bacteroidota;c__Bacteroidia;o__Bacteroidales;f__Bacteroidaceae;g__CAG-462;s__CAG-462 sp900291465"
"41","0.213836477987421",20.0101978846563,"d__Bacteria;p__Bacteroidota;c__Bacteroidia;o__Bacteroidales;f__Marinifilaceae;g__Butyricimonas;s__Butyricimonas virosa"
"8","0.295454545454545",19.9567735134782,"d__Bacteria;p__Bacteroidota;c__Bacteroidia;o__Bacteroidales;f__Bacteroidaceae;g__Bacteroides;s__Bacteroides intestinalis"
"52","0.631578947368421",18.9178359983085,"d__Bacteria;p__Bacteroidota;c__Bacteroidia;o__Bacteroidales;f__UBA932;g__RC9;s__RC9 sp900541925"
"43","0.0913539967373573",18.62117264782,"d__Bacteria;p__Bacteroidota;c__Bacteroidia;o__Bacteroidales;f__Muribaculaceae;g__CAG-279;s__CAG-279 sp000437795"
"53","0.454545454545455",18.111593982234,"d__Bacteria;p__Bacteroidota;c__Bacteroidia;o__Bacteroidales;f__UBA932;g__RC9;s__RC9 sp900546445"
"6","1.2",18.1057056614572,"d__Bacteria;p__Bacteroidota;c__Bacteroidia;o__Bacteroidales;f__Bacteroidaceae;g__Bacteroides;s__Bacteroides cutis"
"18","0.578947368421053",17.2810365864553,"d__Bacteria;p__Bacteroidota;c__Bacteroidia;o__Bacteroidales;f__Bacteroidaceae;g__Bacteroides;s__Bacteroides sp902362375"
"54","0.875",16.742842613875,"d__Bacteria;p__Bacteroidota;c__Bacteroidia;o__Bacteroidales;f__UBA932;g__UBA1232;s__UBA1232 sp900544815"
"23","0.857142857142857",15.2859162825235,"d__Bacteria;p__Bacteroidota;c__Bacteroidia;o__Bacteroidales;f__Bacteroidaceae;g__CAG-462;s__CAG-462 sp003489705"
"35","0.857142857142857",15.2859162825235,"d__Bacteria;p__Bacteroidota;c__Bacteroidia;o__Bacteroidales;f__Bacteroidaceae;g__Prevotella;s__Prevotella sp900547005"
"15","1",15.0284076138067,"d__Bacteria;p__Bacteroidota;c__Bacteroidia;o__Bacteroidales;f__Bacteroidaceae;g__Bacteroides;s__Bacteroides sp900547205"
"1","0.529411764705882",14.8283398696305,"d__Bacteria;p__Bacteroidota;c__Bacteroidia;o__Bacteroidales;f__Bacteroidaceae;g__Bacteroides;s__"
"11","1.5",14.1753681993394,"d__Bacteria;p__Bacteroidota;c__Bacteroidia;o__Bacteroidales;f__Bacteroidaceae;g__Bacteroides;s__Bacteroides oleiciplenus"
"17","1.5",14.1753681993394,"d__Bacteria;p__Bacteroidota;c__Bacteroidia;o__Bacteroidales;f__Bacteroidaceae;g__Bacteroides;s__Bacteroides sp900765785"
"61","0.473684210526316",14.0074377627487,"d__Bacteria;p__Firmicutes_A;c__Clostridia;o__Oscillospirales;f__Acutalibacteraceae;g__Eubacterium_R;s__Eubacterium_R sp900539425"
"62","0.5",13.5208756383152,"d__Bacteria;p__Firmicutes_A;c__Clostridia;o__Oscillospirales;f__Acutalibacteraceae;g__UBA1691;s__UBA1691 sp900544715"
"2","2",13.3261514515813,"d__Bacteria;p__Bacteroidota;c__Bacteroidia;o__Bacteroidales;f__Bacteroidaceae;g__Bacteroides;s__Bacteroides acidifaciens"
"3","2",13.3261514515813,"d__Bacteria;p__Bacteroidota;c__Bacteroidia;o__Bacteroidales;f__Bacteroidaceae;g__Bacteroides;s__Bacteroides bouchesdurhonensis"
"14","2",13.3261514515813,"d__Bacteria;p__Bacteroidota;c__Bacteroidia;o__Bacteroidales;f__Bacteroidaceae;g__Bacteroides;s__Bacteroides sp002491635"
"45","2",13.3261514515813,"d__Bacteria;p__Bacteroidota;c__Bacteroidia;o__Bacteroidales;f__Muribaculaceae;g__Muribaculum;s__Muribaculum intestinale"
"32","0.264150943396226",13.1798769831114,"d__Bacteria;p__Bacteroidota;c__Bacteroidia;o__Bacteroidales;f__Bacteroidaceae;g__Prevotella;s__Prevotella sp002300055"
"38","0.714285714285714",12.667160983647,"d__Bacteria;p__Bacteroidota;c__Bacteroidia;o__Bacteroidales;f__Coprobacteraceae;g__Coprobacter;s__Coprobacter secundus"
"44","0.625",11.828464690339,"d__Bacteria;p__Bacteroidota;c__Bacteroidia;o__Bacteroidales;f__Muribaculaceae;g__CAG-279;s__CAG-279 sp900541555"
"29","1",11.5435366928225,"d__Bacteria;p__Bacteroidota;c__Bacteroidia;o__Bacteroidales;f__Bacteroidaceae;g__Prevotella;s__Prevotella melaninogenica"
"39","1",11.5435366928225,"d__Bacteria;p__Bacteroidota;c__Bacteroidia;o__Bacteroidales;f__Coprobacteraceae;g__Coprobacter;s__Coprobacter sp900545915"
"49","0.0958904109589041",11.3648414202725,"d__Bacteria;p__Bacteroidota;c__Bacteroidia;o__Bacteroidales;f__Rikenellaceae;g__Alistipes;s__Alistipes communis"
"30","0.101626016260163",10.9138338974676,"d__Bacteria;p__Bacteroidota;c__Bacteroidia;o__Bacteroidales;f__Bacteroidaceae;g__Prevotella;s__Prevotella sp000434975"
"34","0.5",10.536895304032,"d__Bacteria;p__Bacteroidota;c__Bacteroidia;o__Bacteroidales;f__Bacteroidaceae;g__Prevotella;s__Prevotella sp900543585"
"47","0.5",10.536895304032,"d__Bacteria;p__Bacteroidota;c__Bacteroidia;o__Bacteroidales;f__Muribaculaceae;g__UBA7173;s__UBA7173 sp001915385"
"63","0.160919540229885",10.0247761246988,"d__Bacteria;p__Firmicutes_A;c__Clostridia;o__Oscillospirales;f__Oscillospiraceae;g__CAG-83;s__CAG-83 sp003539495"
