"","frac","Z","Lineage"
"25","1.00707213578501",465.266700933496,"d__Bacteria;p__Firmicutes;c__Bacilli;o__Erysipelotrichales;f__Erysipelatoclostridiaceae;g__Faecalibacillus;s__Faecalibacillus intestinalis"
"14","1.13823529411765",296.722744943552,"d__Bacteria;p__Firmicutes;c__Bacilli;o__Erysipelotrichales;f__Erysipelatoclostridiaceae;g__Catenibacterium;s__Catenibacterium sp000437715"
"20","1.01",240.850660734287,"d__Bacteria;p__Firmicutes;c__Bacilli;o__Erysipelotrichales;f__Erysipelatoclostridiaceae;g__Erysipelatoclostridium;s__Erysipelatoclostridium ramosum"
"13","1.1219512195122",150.48387588791,"d__Bacteria;p__Firmicutes;c__Bacilli;o__Erysipelotrichales;f__Erysipelatoclostridiaceae;g__Catenibacterium;s__Catenibacterium mitsuokai"
"24","1.0078125",138.3605515397,"d__Bacteria;p__Firmicutes;c__Bacilli;o__Erysipelotrichales;f__Erysipelatoclostridiaceae;g__Faecalibacillus;s__Faecalibacillus faecis"
"19","0.783333333333333",68.5848879885393,"d__Bacteria;p__Firmicutes;c__Bacilli;o__Erysipelotrichales;f__Erysipelatoclostridiaceae;g__Coprobacillus;s__Coprobacillus cateniformis"
"36","0",63.8402937218087,"d__Bacteria;p__Proteobacteria;c__Gammaproteobacteria;o__Enterobacterales;f__Enterobacteriaceae;g__Escherichia;s__Escherichia coli_D"
"23","1",42.4103872034651,"d__Bacteria;p__Firmicutes;c__Bacilli;o__Erysipelotrichales;f__Erysipelatoclostridiaceae;g__Erysipelatoclostridium;s__Erysipelatoclostridium spiroforme"
"30","1.1",36.3893202802199,"d__Bacteria;p__Firmicutes;c__Bacilli;o__Erysipelotrichales;f__Erysipelatoclostridiaceae;g__Massiliomicrobiota;s__Massiliomicrobiota sp002160815"
"9","3",30.4473969741159,"d__Bacteria;p__Firmicutes;c__Bacilli;o__Bacillales_B;f__DSM-1321;g__Peribacillus;s__Peribacillus simplex"
"27","0.875",25.682838588671,"d__Bacteria;p__Firmicutes;c__Bacilli;o__Erysipelotrichales;f__Erysipelatoclostridiaceae;g__Faecalibacillus;s__Faecalibacillus sp900544435"
"5","0.727272727272727",25.1800453760892,"d__Bacteria;p__Firmicutes_A;c__Clostridia;o__Lachnospirales;f__Lachnospiraceae;g__Agathobacter;s__Agathobacter sp900546625"
"28","0.777777777777778",24.2491566928739,"d__Bacteria;p__Firmicutes;c__Bacilli;o__Erysipelotrichales;f__Erysipelatoclostridiaceae;g__Longibaculum;s__Longibaculum muris"
"17","1.33333333333333",23.6234952806522,"d__Bacteria;p__Firmicutes;c__Bacilli;o__Erysipelotrichales;f__Erysipelatoclostridiaceae;g__Catenibacterium;s__Catenibacterium sp900764565"
"4","1",20.4978783140379,"d__Bacteria;p__Firmicutes_A;c__Clostridia;o__Clostridiales;f__Clostridiaceae;g__Clostridium;s__Clostridium disporicum_A"
"15","2",20.2641047814685,"d__Bacteria;p__Firmicutes;c__Bacilli;o__Erysipelotrichales;f__Erysipelatoclostridiaceae;g__Catenibacterium;s__Catenibacterium sp900540665"
"6","0.714285714285714",19.4999246948139,"d__Bacteria;p__Firmicutes_A;c__Clostridia;o__TANB77;f__CAG-508;g__CAG-354;s__CAG-354 sp900555085"
"8","1",17.6727071242521,"d__Bacteria;p__Firmicutes;c__Bacilli;o__Bacillales_B;f__Caldibacillaceae;g__Bacillus_J;s__Bacillus_J andreraoultii"
"16","1",17.6727071242521,"d__Bacteria;p__Firmicutes;c__Bacilli;o__Erysipelotrichales;f__Erysipelatoclostridiaceae;g__Catenibacterium;s__Catenibacterium sp900540685"
"26","1",17.6727071242521,"d__Bacteria;p__Firmicutes;c__Bacilli;o__Erysipelotrichales;f__Erysipelatoclostridiaceae;g__Faecalibacillus;s__Faecalibacillus sp003480255"
"3","1",14.3539552767404,"d__Bacteria;p__Firmicutes_A;c__Clostridia;o__Clostridiales;f__Clostridiaceae;g__Clostridium_X;s__"
"12","1",14.3539552767404,"d__Bacteria;p__Firmicutes;c__Bacilli;o__Erysipelotrichales;f__Erysipelatoclostridiaceae;g__Beduini;s__Beduini sp902363625"
"22","1",14.3539552767404,"d__Bacteria;p__Firmicutes;c__Bacilli;o__Erysipelotrichales;f__Erysipelatoclostridiaceae;g__Erysipelatoclostridium;s__Erysipelatoclostridium sp002160495"
"31","1",14.3539552767404,"d__Bacteria;p__Firmicutes;c__Bacilli;o__Erysipelotrichales;f__Erysipelatoclostridiaceae;g__Massiliomicrobiota;s__Massiliomicrobiota sp002160865"
"33","1",14.3539552767404,"d__Bacteria;p__Firmicutes;c__Bacilli;o__Erysipelotrichales;f__Erysipelatoclostridiaceae;g__Stoquefichus;s__Stoquefichus sp001244545"
"7","0.0810810810810811",10.7708319608246,"d__Bacteria;p__Firmicutes;c__Bacilli;o__Acholeplasmatales;f__Anaeroplasmataceae;g__CAG-307;s__CAG-307 sp001916215"
"21","0.5",10.1447504108047,"d__Bacteria;p__Firmicutes;c__Bacilli;o__Erysipelotrichales;f__Erysipelatoclostridiaceae;g__Erysipelatoclostridium;s__Erysipelatoclostridium saccharogumia"
"1","1",10.0808125888212,"d__Bacteria;p__Actinobacteriota;c__Actinomycetia;o__Actinomycetales;f__Cellulomonadaceae;g__Cellulomonas;s__Cellulomonas timonensis"
"2","1",10.0808125888212,"d__Bacteria;p__Bacteroidota;c__Bacteroidia;o__Flavobacteriales;f__Flavobacteriaceae;g__Flavobacterium;s__Flavobacterium lindanitolerans"
"10","1",10.0808125888212,"d__Bacteria;p__Firmicutes;c__Bacilli;o__Bacillales_B;f__DSM-18226;g__Niallia;s__Niallia sp900199695"
"11","1",10.0808125888212,"d__Bacteria;p__Firmicutes;c__Bacilli;o__Erysipelotrichales;f__Erysipelatoclostridiaceae;g__Beduini;s__Beduini massiliensis"
"18","1",10.0808125888212,"d__Bacteria;p__Firmicutes;c__Bacilli;o__Erysipelotrichales;f__Erysipelatoclostridiaceae;g__Catenibacterium;s__Catenibacterium sp900764725"
"29","1",10.0808125888212,"d__Bacteria;p__Firmicutes;c__Bacilli;o__Erysipelotrichales;f__Erysipelatoclostridiaceae;g__Longibaculum;s__Longibaculum sp900538465"
"32","1",10.0808125888212,"d__Bacteria;p__Firmicutes;c__Bacilli;o__Erysipelotrichales;f__Erysipelatoclostridiaceae;g__Stoquefichus;s__Stoquefichus massiliensis"
"34","1",10.0808125888212,"d__Bacteria;p__Firmicutes;c__Bacilli;o__Lactobacillales;f__Listeriaceae;g__Listeria;s__Listeria innocua"
"35","1",10.0808125888212,"d__Bacteria;p__Firmicutes;c__Bacilli;o__Paenibacillales;f__Paenibacillaceae;g__Cohnella;s__Cohnella sp900169535"
