"","frac","Z","Lineage"
"8","0.185069444444444",528.099040121966,"d__Bacteria;p__Bacteroidota;c__Bacteroidia;o__Bacteroidales;f__Rikenellaceae;g__Alistipes;s__Alistipes putredinis"
"9","0.232612966601179",458.632420695105,"d__Bacteria;p__Bacteroidota;c__Bacteroidia;o__Bacteroidales;f__Tannerellaceae;g__Parabacteroides;s__Parabacteroides distasonis"
"25","0.00400376825247292",124.491549230616,"d__Bacteria;p__Firmicutes_A;c__Clostridia;o__Lachnospirales;f__Lachnospiraceae;g__Agathobacter;s__Agathobacter rectalis"
"39","0.266045548654244",121.642745736029,"d__Bacteria;p__Firmicutes_A;c__Clostridia;o__Oscillospirales;f__Ruminococcaceae;g__Ruminiclostridium_E;s__Ruminiclostridium_E siraeum"
"10","0.197368421052632",90.1742822782831,"d__Bacteria;p__Bacteroidota;c__Bacteroidia;o__Bacteroidales;f__Tannerellaceae;g__Parabacteroides;s__Parabacteroides merdae"
"56","0",82.3341529240424,"d__Bacteria;p__Proteobacteria;c__Gammaproteobacteria;o__Enterobacterales;f__Enterobacteriaceae;g__Escherichia;s__Escherichia coli_D"
"3","0.249221183800623",77.9756039551639,"d__Bacteria;p__Bacteroidota;c__Bacteroidia;o__Bacteroidales;f__Bacteroidaceae;g__Bacteroides;s__Bacteroides ovatus"
"35","0.319148936170213",54.4999472399245,"d__Bacteria;p__Firmicutes_A;c__Clostridia;o__Oscillospirales;f__Acutalibacteraceae;g__Pseudoruminococcus;s__Pseudoruminococcus massiliensis"
"45","0.543689320388349",50.0259052625805,"d__Bacteria;p__Firmicutes_A;c__Clostridia;o__Oscillospirales;f__Ruminococcaceae;g__UBA1394;s__UBA1394 sp900538575"
"47","0.319444444444444",45.6271206718873,"d__Bacteria;p__Firmicutes_A;c__Clostridia;o__Peptostreptococcales;f__Peptostreptococcaceae;g__Clostridioides;s__Clostridioides difficile"
"5","0.239747634069401",43.5934804853009,"d__Bacteria;p__Bacteroidota;c__Bacteroidia;o__Bacteroidales;f__Bacteroidaceae;g__Bacteroides;s__Bacteroides thetaiotaomicron"
"18","0.0767241379310345",35.5463614401768,"d__Bacteria;p__Firmicutes_A;c__Clostridia_A;o__Christensenellales;f__CAG-74;g__UBA11524;s__UBA11524 sp000437595"
"54","0.107496463932108",33.0995602078405,"d__Bacteria;p__Firmicutes;c__Bacilli;o__Erysipelotrichales;f__Erysipelatoclostridiaceae;g__Faecalibacillus;s__Faecalibacillus intestinalis"
"55","0.40506329113924",31.521471899474,"d__Bacteria;p__Firmicutes;c__Bacilli;o__Lactobacillales;f__Lactobacillaceae;g__Ligilactobacillus;s__Ligilactobacillus salivarius"
"2","0.323232323232323",28.4214520816773,"d__Bacteria;p__Bacteroidota;c__Bacteroidia;o__Bacteroidales;f__Bacteroidaceae;g__Bacteroides;s__Bacteroides faecis"
"28","0.148026315789474",24.9326217903598,"d__Bacteria;p__Firmicutes_A;c__Clostridia;o__Lachnospirales;f__Lachnospiraceae;g__CAG-81;s__CAG-81 sp900066535"
"53","0.0728155339805825",23.5014198479755,"d__Bacteria;p__Firmicutes_C;c__Negativicutes;o__Acidaminococcales;f__Acidaminococcaceae;g__Phascolarctobacterium_A;s__Phascolarctobacterium_A succinatutens"
"17","0.733333333333333",23.155005576162,"d__Bacteria;p__Firmicutes_A;c__Clostridia_A;o__Christensenellales;f__CAG-74;g__SFFH01;s__SFFH01 sp900548125"
"19","0.769230769230769",22.532075146169,"d__Bacteria;p__Firmicutes_A;c__Clostridia;o__Clostridiales;f__Clostridiaceae;g__Clostridium_F;s__Clostridium_F botulinum"
"38","0.144981412639405",22.3898353588124,"d__Bacteria;p__Firmicutes_A;c__Clostridia;o__Oscillospirales;f__Ruminococcaceae;g__CAG-353;s__CAG-353 sp900066885"
"15","0.234234234234234",21.6024290428372,"d__Bacteria;p__Firmicutes_A;c__Clostridia_A;o__Christensenellales;f__CAG-74;g__SFFH01;s__SFFH01 sp900542395"
"4","0.0715287517531557",20.1468980320764,"d__Bacteria;p__Bacteroidota;c__Bacteroidia;o__Bacteroidales;f__Bacteroidaceae;g__Bacteroides;s__Bacteroides stercoris"
"22","0.413793103448276",18.3182815737796,"d__Bacteria;p__Firmicutes_A;c__Clostridia;o__Clostridiales;f__Clostridiaceae;g__Clostridium;s__Clostridium neonatale"
"12","0.5",18.2204100586432,"d__Bacteria;p__Firmicutes_A;c__Clostridia_A;o__Christensenellales;f__CAG-138;g__CAG-1024;s__CAG-1024 sp000432015"
"6","0.134883720930233",17.7642182235721,"d__Bacteria;p__Bacteroidota;c__Bacteroidia;o__Bacteroidales;f__Bacteroidaceae;g__Bacteroides;s__Bacteroides xylanisolvens"
"30","0.318181818181818",17.51838803732,"d__Bacteria;p__Firmicutes_A;c__Clostridia;o__Monoglobales;f__Monoglobaceae;g__Monoglobus;s__Monoglobus pectinilyticus"
"21","0.30952380952381",16.57850226042,"d__Bacteria;p__Firmicutes_A;c__Clostridia;o__Clostridiales;f__Clostridiaceae;g__Clostridium;s__Clostridium butyricum"
"16","0.583333333333333",16.2614866224925,"d__Bacteria;p__Firmicutes_A;c__Clostridia_A;o__Christensenellales;f__CAG-74;g__SFFH01;s__SFFH01 sp900542445"
"49","0.5",16.1640771846951,"d__Bacteria;p__Firmicutes_A;c__Clostridia;o__Peptostreptococcales;f__Peptostreptococcaceae;g__Peptostreptococcus;s__Peptostreptococcus anaerobius"
"11","1",15.8936544042582,"d__Bacteria;p__Bacteroidota;c__Bacteroidia;o__Bacteroidales;f__Tannerellaceae;g__Parabacteroides;s__Parabacteroides sp900541965"
"1","0.097972972972973",15.1520657363924,"d__Bacteria;p__Bacteroidota;c__Bacteroidia;o__Bacteroidales;f__Bacteroidaceae;g__Bacteroides;s__Bacteroides caccae"
"7","0.8",14.2115766531206,"d__Bacteria;p__Bacteroidota;c__Bacteroidia;o__Bacteroidales;f__Dysgonomonadaceae;g__Dysgonomonas;s__Dysgonomonas capnocytophagoides"
"40","0.8",14.2115766531206,"d__Bacteria;p__Firmicutes_A;c__Clostridia;o__Oscillospirales;f__Ruminococcaceae;g__Ruminiclostridium_E;s__Ruminiclostridium_E sp900556525"
"41","0.202898550724638",13.9736622233484,"d__Bacteria;p__Firmicutes_A;c__Clostridia;o__Oscillospirales;f__Ruminococcaceae;g__Ruminococcus_C;s__Ruminococcus_C sp000437175"
"33","0.138686131386861",13.774769086415,"d__Bacteria;p__Firmicutes_A;c__Clostridia;o__Oscillospirales;f__Acutalibacteraceae;g__CAG-488;s__CAG-488 sp000434055"
"52","0.154545454545455",13.617088296626,"d__Bacteria;p__Firmicutes_A;c__Clostridia;o__TANB77;f__CAG-508;g__CAG-273;s__CAG-273 sp000435755"
"42","0.184210526315789",13.2959137936796,"d__Bacteria;p__Firmicutes_A;c__Clostridia;o__Oscillospirales;f__Ruminococcaceae;g__Ruminococcus_D;s__Ruminococcus_D sp000434695"
"26","0.25",12.1244083777434,"d__Bacteria;p__Firmicutes_A;c__Clostridia;o__Lachnospirales;f__Lachnospiraceae;g__Blautia;s__Blautia sp001304935"
"23","0.17910447761194",11.9836468225069,"d__Bacteria;p__Firmicutes_A;c__Clostridia;o__Clostridiales;f__Clostridiaceae;g__Clostridium;s__Clostridium paraputrificum"
"20","0.75",11.8530552400981,"d__Bacteria;p__Firmicutes_A;c__Clostridia;o__Clostridiales;f__Clostridiaceae;g__Clostridium_X;s__Clostridium_X cadaveris"
"31","0.75",11.8530552400981,"d__Bacteria;p__Firmicutes_A;c__Clostridia;o__Monoglobales;f__Monoglobaceae;g__UMGS1820;s__"
"46","0.75",11.8530552400981,"d__Bacteria;p__Firmicutes_A;c__Clostridia;o__Oscillospirales;f__Ruminococcaceae;g__UMGS1889;s__UMGS1889 sp900556055"
"44","0.138613861386139",11.4434564283662,"d__Bacteria;p__Firmicutes_A;c__Clostridia;o__Oscillospirales;f__Ruminococcaceae;g__UBA1394;s__UBA1394 sp900066845"
"29","0.333333333333333",11.2803656205397,"d__Bacteria;p__Firmicutes_A;c__Clostridia;o__Lachnospirales;f__Lachnospiraceae;g__UBA4285;s__UBA4285 sp900545225"
"36","1",11.1297765069886,"d__Bacteria;p__Firmicutes_A;c__Clostridia;o__Oscillospirales;f__Oscillospiraceae;g__F23-B02;s__F23-B02 sp900772725"
"43","1",11.1297765069886,"d__Bacteria;p__Firmicutes_A;c__Clostridia;o__Oscillospirales;f__Ruminococcaceae;g__Ruthenibacterium;s__"
"48","1",11.1297765069886,"d__Bacteria;p__Firmicutes_A;c__Clostridia;o__Peptostreptococcales;f__Peptostreptococcaceae;g__Paraclostridium;s__Paraclostridium tenue"
"51","0.0836820083682008",10.8020894041184,"d__Bacteria;p__Firmicutes_A;c__Clostridia;o__TANB77;f__CAG-508;g__CAG-245;s__CAG-245 sp000435175"
"24","0.6",10.5832698386122,"d__Bacteria;p__Firmicutes_A;c__Clostridia;o__Clostridiales;f__Clostridiaceae;g__Clostridium;s__Clostridium sp900759995"
"34","0.6",10.5832698386122,"d__Bacteria;p__Firmicutes_A;c__Clostridia;o__Oscillospirales;f__Acutalibacteraceae;g__Clostridium_A;s__"
"50","0.6",10.5832698386122,"d__Bacteria;p__Firmicutes_A;c__Clostridia;o__Peptostreptococcales;f__Peptostreptococcaceae;g__Peptostreptococcus;s__Peptostreptococcus stomatis"
"32","0.444444444444444",10.5477315111378,"d__Bacteria;p__Firmicutes_A;c__Clostridia;o__Monoglobales;f__Monoglobaceae;g__UMGS1820;s__UMGS1820 sp900545865"
"13","0.169491525423729",10.4818494575961,"d__Bacteria;p__Firmicutes_A;c__Clostridia_A;o__Christensenellales;f__CAG-138;g__UBA1685;s__UBA1685 sp002320595"
"37","0.285714285714286",10.4135371020029,"d__Bacteria;p__Firmicutes_A;c__Clostridia;o__Oscillospirales;f__Ruminococcaceae;g__CAG-115;s__CAG-115 sp000432175"
"27","0.166666666666667",10.3873756789262,"d__Bacteria;p__Firmicutes_A;c__Clostridia;o__Lachnospirales;f__Lachnospiraceae;g__CAG-603;s__CAG-603 sp900066105"
"14","0.176470588235294",10.0899384270348,"d__Bacteria;p__Firmicutes_A;c__Clostridia_A;o__Christensenellales;f__CAG-74;g__Firm-11;s__Firm-11 sp900540045"
