"","frac","Z","Lineage"
"24","0.754060986035908",5062.84612340366,"d__Bacteria;p__Bacteroidota;c__Bacteroidia;o__Bacteroidales;f__Bacteroidaceae;g__Bacteroides;s__Bacteroides uniformis"
"29","0.0992433061699651",350.141116196098,"d__Bacteria;p__Bacteroidota;c__Bacteroidia;o__Bacteroidales;f__Bacteroidaceae;g__Phocaeicola;s__Phocaeicola dorei"
"13","0.985981308411215",213.143736055952,"d__Bacteria;p__Bacteroidota;c__Bacteroidia;o__Bacteroidales;f__Bacteroidaceae;g__Bacteroides;s__Bacteroides ovatus"
"75","0.00706547338671691",203.205031789938,"d__Bacteria;p__Firmicutes_A;c__Clostridia;o__Lachnospirales;f__Lachnospiraceae;g__Agathobacter;s__Agathobacter rectalis"
"23","1.05678233438486",133.496435536594,"d__Bacteria;p__Bacteroidota;c__Bacteroidia;o__Bacteroidales;f__Bacteroidaceae;g__Bacteroides;s__Bacteroides thetaiotaomicron"
"51","0.286589516678012",131.099342870055,"d__Bacteria;p__Bacteroidota;c__Bacteroidia;o__Bacteroidales;f__Bacteroidaceae;g__Prevotella;s__Prevotella sp900557255"
"77","0",125.490999477191,"d__Bacteria;p__Proteobacteria;c__Gammaproteobacteria;o__Enterobacterales;f__Enterobacteriaceae;g__Escherichia;s__Escherichia coli_D"
"25","1.08837209302326",105.820146246047,"d__Bacteria;p__Bacteroidota;c__Bacteroidia;o__Bacteroidales;f__Bacteroidaceae;g__Bacteroides;s__Bacteroides xylanisolvens"
"4","0.881756756756757",105.409479425333,"d__Bacteria;p__Bacteroidota;c__Bacteroidia;o__Bacteroidales;f__Bacteroidaceae;g__Bacteroides;s__Bacteroides caccae"
"5","0.92962962962963",104.578046459099,"d__Bacteria;p__Bacteroidota;c__Bacteroidia;o__Bacteroidales;f__Bacteroidaceae;g__Bacteroides;s__Bacteroides cellulosilyticus"
"28","0.608571428571429",80.2144541026443,"d__Bacteria;p__Bacteroidota;c__Bacteroidia;o__Bacteroidales;f__Bacteroidaceae;g__Phocaeicola;s__Phocaeicola coprocola"
"7","1.22222222222222",73.6196501786426,"d__Bacteria;p__Bacteroidota;c__Bacteroidia;o__Bacteroidales;f__Bacteroidaceae;g__Bacteroides;s__Bacteroides faecis"
"67","0.0690972222222222",65.8031358299686,"d__Bacteria;p__Bacteroidota;c__Bacteroidia;o__Bacteroidales;f__Rikenellaceae;g__Alistipes;s__Alistipes putredinis"
"48","0.533333333333333",62.470405773231,"d__Bacteria;p__Bacteroidota;c__Bacteroidia;o__Bacteroidales;f__Bacteroidaceae;g__Prevotella;s__Prevotella sp900313215"
"65","0.581632653061224",51.5790885678205,"d__Bacteria;p__Bacteroidota;c__Bacteroidia;o__Bacteroidales;f__Muribaculaceae;g__Sodaliphilus;s__Sodaliphilus sp004557565"
"41","0.680272108843537",50.7845690536098,"d__Bacteria;p__Bacteroidota;c__Bacteroidia;o__Bacteroidales;f__Bacteroidaceae;g__Prevotella;s__Prevotella rara"
"68","0.405750798722045",47.7783845048778,"d__Bacteria;p__Bacteroidota;c__Bacteroidia;o__Bacteroidales;f__Rikenellaceae;g__Tidjanibacter;s__Tidjanibacter inops_A"
"39","0.797752808988764",44.3471245776807,"d__Bacteria;p__Bacteroidota;c__Bacteroidia;o__Bacteroidales;f__Bacteroidaceae;g__Prevotella;s__Prevotella hominis"
"58","1.13953488372093",42.3680946377736,"d__Bacteria;p__Bacteroidota;c__Bacteroidia;o__Bacteroidales;f__Marinifilaceae;g__Odoribacter;s__Odoribacter laneus"
"9","0.75",41.2845989379649,"d__Bacteria;p__Bacteroidota;c__Bacteroidia;o__Bacteroidales;f__Bacteroidaceae;g__Bacteroides;s__Bacteroides intestinalis"
"8","0.945454545454545",40.0972294777539,"d__Bacteria;p__Bacteroidota;c__Bacteroidia;o__Bacteroidales;f__Bacteroidaceae;g__Bacteroides;s__Bacteroides finegoldii"
"45","0.374045801526718",38.6326300916501,"d__Bacteria;p__Bacteroidota;c__Bacteroidia;o__Bacteroidales;f__Bacteroidaceae;g__Prevotella;s__Prevotella sp002265625"
"54","0.549180327868853",36.0446504576589,"d__Bacteria;p__Bacteroidota;c__Bacteroidia;o__Bacteroidales;f__Coprobacteraceae;g__Coprobacter;s__Coprobacter fastidiosus"
"44","0.50354609929078",35.8761097527118,"d__Bacteria;p__Bacteroidota;c__Bacteroidia;o__Bacteroidales;f__Bacteroidaceae;g__Prevotella;s__Prevotella sp002251385"
"69","0.53448275862069",33.9535656394015,"d__Bacteria;p__Bacteroidota;c__Bacteroidia;o__Bacteroidales;f__UBA932;g__RC9;s__RC9 sp000431015"
"42","0.345528455284553",33.8879412752435,"d__Bacteria;p__Bacteroidota;c__Bacteroidia;o__Bacteroidales;f__Bacteroidaceae;g__Prevotella;s__Prevotella sp000434975"
"14","0.971428571428571",32.0211821694507,"d__Bacteria;p__Bacteroidota;c__Bacteroidia;o__Bacteroidales;f__Bacteroidaceae;g__Bacteroides;s__Bacteroides salyersiae"
"11","0.840909090909091",31.2841077952201,"d__Bacteria;p__Bacteroidota;c__Bacteroidia;o__Bacteroidales;f__Bacteroidaceae;g__Bacteroides;s__Bacteroides nordii"
"46","0.469387755102041",26.6645287599166,"d__Bacteria;p__Bacteroidota;c__Bacteroidia;o__Bacteroidales;f__Bacteroidaceae;g__Prevotella;s__Prevotella sp002299635"
"59","0.838709677419355",25.6923061618131,"d__Bacteria;p__Bacteroidota;c__Bacteroidia;o__Bacteroidales;f__Marinifilaceae;g__Odoribacter;s__Odoribacter massiliensis"
"62","0.482352941176471",25.24928327586,"d__Bacteria;p__Bacteroidota;c__Bacteroidia;o__Bacteroidales;f__Muribaculaceae;g__CAG-873;s__CAG-873 sp001701165"
"20","1.05263157894737",24.9515469494003,"d__Bacteria;p__Bacteroidota;c__Bacteroidia;o__Bacteroidales;f__Bacteroidaceae;g__Bacteroides;s__Bacteroides sp902362375"
"60","0.148450244698206",23.9276123859196,"d__Bacteria;p__Bacteroidota;c__Bacteroidia;o__Bacteroidales;f__Muribaculaceae;g__CAG-279;s__CAG-279 sp000437795"
"40","0.515625",23.0168852581677,"d__Bacteria;p__Bacteroidota;c__Bacteroidia;o__Bacteroidales;f__Bacteroidaceae;g__Prevotella;s__Prevotella pectinovora"
"57","0.308176100628931",22.4459630665893,"d__Bacteria;p__Bacteroidota;c__Bacteroidia;o__Bacteroidales;f__Marinifilaceae;g__Butyricimonas;s__Butyricimonas virosa"
"53","0.392156862745098",22.4215342363162,"d__Bacteria;p__Bacteroidota;c__Bacteroidia;o__Bacteroidales;f__Bacteroidaceae;g__UBA6398;s__UBA6398 sp003150315"
"37","0.2375",21.631885029921,"d__Bacteria;p__Bacteroidota;c__Bacteroidia;o__Bacteroidales;f__Bacteroidaceae;g__Prevotella;s__Prevotella copri_A"
"27","2",21.2651368008659,"d__Bacteria;p__Bacteroidota;c__Bacteroidia;o__Bacteroidales;f__Bacteroidaceae;g__OM05-12;s__OM05-12 sp003438995"
"43","0.555555555555556",20.4241462151834,"d__Bacteria;p__Bacteroidota;c__Bacteroidia;o__Bacteroidales;f__Bacteroidaceae;g__Prevotella;s__Prevotella sp000436035"
"31","0.144230769230769",20.1390423245453,"d__Bacteria;p__Bacteroidota;c__Bacteroidia;o__Bacteroidales;f__Bacteroidaceae;g__Phocaeicola;s__Phocaeicola plebeius_A"
"10","1.08333333333333",20.1168736728313,"d__Bacteria;p__Bacteroidota;c__Bacteroidia;o__Bacteroidales;f__Bacteroidaceae;g__Bacteroides;s__Bacteroides ndongoniae"
"21","1.25",18.8389623288001,"d__Bacteria;p__Bacteroidota;c__Bacteroidia;o__Bacteroidales;f__Bacteroidaceae;g__Bacteroides;s__Bacteroides stercorirosoris"
"70","0.154761904761905",18.7822620847981,"d__Bacteria;p__Bacteroidota;c__Bacteroidia;o__Bacteroidales;f__UBA932;g__RC9;s__RC9 sp000433355"
"18","0.928571428571429",18.6006519034005,"d__Bacteria;p__Bacteroidota;c__Bacteroidia;o__Bacteroidales;f__Bacteroidaceae;g__Bacteroides;s__Bacteroides sp900556215"
"63","1.1",18.561076127807,"d__Bacteria;p__Bacteroidota;c__Bacteroidia;o__Bacteroidales;f__Muribaculaceae;g__CAG-873;s__CAG-873 sp900540625"
"56","1.75",18.5557936914324,"d__Bacteria;p__Bacteroidota;c__Bacteroidia;o__Bacteroidales;f__Marinifilaceae;g__Butyricimonas;s__Butyricimonas sp900759925"
"26","0.62962962962963",17.6021430112621,"d__Bacteria;p__Bacteroidota;c__Bacteroidia;o__Bacteroidales;f__Bacteroidaceae;g__CAG-462;s__CAG-462 sp900291465"
"78","0.416666666666667",17.5877752230587,"d__Bacteria;p__Spirochaetota;c__Spirochaetia;o__Treponematales;f__Treponemataceae;g__Treponema_D;s__Treponema_D succinifaciens"
"16","1.4",16.5704550332614,"d__Bacteria;p__Bacteroidota;c__Bacteroidia;o__Bacteroidales;f__Bacteroidaceae;g__Bacteroides;s__Bacteroides sp900547205"
"33","0.8",16.5117670486198,"d__Bacteria;p__Bacteroidota;c__Bacteroidia;o__Bacteroidales;f__Bacteroidaceae;g__Phocaeicola;s__Phocaeicola sp002161565"
"47","0.39622641509434",15.5049781667135,"d__Bacteria;p__Bacteroidota;c__Bacteroidia;o__Bacteroidales;f__Bacteroidaceae;g__Prevotella;s__Prevotella sp002300055"
"1","0.705882352941177",15.4741886746883,"d__Bacteria;p__Bacteroidota;c__Bacteroidia;o__Bacteroidales;f__Bacteroidaceae;g__Bacteroides;s__"
"50","0.461538461538462",15.4318526965681,"d__Bacteria;p__Bacteroidota;c__Bacteroidia;o__Bacteroidales;f__Bacteroidaceae;g__Prevotella;s__Prevotella sp900546535"
"64","2",14.8912398599007,"d__Bacteria;p__Bacteroidota;c__Bacteroidia;o__Bacteroidales;f__Muribaculaceae;g__Muribaculum;s__Muribaculum sp002358615"
"32","0.34375",14.737718033664,"d__Bacteria;p__Bacteroidota;c__Bacteroidia;o__Bacteroidales;f__Bacteroidaceae;g__Phocaeicola;s__Phocaeicola sp000434735"
"71","0.631578947368421",14.599216458603,"d__Bacteria;p__Bacteroidota;c__Bacteroidia;o__Bacteroidales;f__UBA932;g__RC9;s__RC9 sp900541925"
"49","0.372549019607843",14.1689569834016,"d__Bacteria;p__Bacteroidota;c__Bacteroidia;o__Bacteroidales;f__Bacteroidaceae;g__Prevotella;s__Prevotella sp900540415"
"6","1.2",14.1375663285382,"d__Bacteria;p__Bacteroidota;c__Bacteroidia;o__Bacteroidales;f__Bacteroidaceae;g__Bacteroides;s__Bacteroides cutis"
"30","0.289473684210526",13.3891075218334,"d__Bacteria;p__Bacteroidota;c__Bacteroidia;o__Bacteroidales;f__Bacteroidaceae;g__Phocaeicola;s__Phocaeicola plebeius"
"73","0.875",13.0110569606282,"d__Bacteria;p__Bacteroidota;c__Bacteroidia;o__Bacteroidales;f__UBA932;g__UBA1232;s__UBA1232 sp900544815"
"22","0.0897615708274895",12.7867987128615,"d__Bacteria;p__Bacteroidota;c__Bacteroidia;o__Bacteroidales;f__Bacteroidaceae;g__Bacteroides;s__Bacteroides stercoris"
"17","1.33333333333333",12.1050932578675,"d__Bacteria;p__Bacteroidota;c__Bacteroidia;o__Bacteroidales;f__Bacteroidaceae;g__Bacteroides;s__Bacteroides sp900555635"
"55","1",11.7046776238151,"d__Bacteria;p__Bacteroidota;c__Bacteroidia;o__Bacteroidales;f__Dysgonomonadaceae;g__Dysgonomonas;s__Dysgonomonas capnocytophagoides"
"66","0.169590643274854",11.4549138930515,"d__Bacteria;p__Bacteroidota;c__Bacteroidia;o__Bacteroidales;f__Rikenellaceae;g__Alistipes_A;s__Alistipes_A ihumii"
"34","0.387096774193548",11.2051327909018,"d__Bacteria;p__Bacteroidota;c__Bacteroidia;o__Bacteroidales;f__Bacteroidaceae;g__Prevotella;s__Prevotella bivia"
"12","1.5",11.0967213027758,"d__Bacteria;p__Bacteroidota;c__Bacteroidia;o__Bacteroidales;f__Bacteroidaceae;g__Bacteroides;s__Bacteroides oleiciplenus"
"19","1.5",11.0967213027758,"d__Bacteria;p__Bacteroidota;c__Bacteroidia;o__Bacteroidales;f__Bacteroidaceae;g__Bacteroides;s__Bacteroides sp900765785"
"61","0.75",11.0684218379042,"d__Bacteria;p__Bacteroidota;c__Bacteroidia;o__Bacteroidales;f__Muribaculaceae;g__CAG-279;s__CAG-279 sp900541935"
"35","0.325581395348837",11.0669802688289,"d__Bacteria;p__Bacteroidota;c__Bacteroidia;o__Bacteroidales;f__Bacteroidaceae;g__Prevotella;s__Prevotella buccae"
"72","0.3",10.9747737598381,"d__Bacteria;p__Bacteroidota;c__Bacteroidia;o__Bacteroidales;f__UBA932;g__RC9;s__RC9 sp900545245"
"38","0.583333333333333",10.4965230621825,"d__Bacteria;p__Bacteroidota;c__Bacteroidia;o__Bacteroidales;f__Bacteroidaceae;g__Prevotella;s__Prevotella disiens"
"2","2",10.4581486669458,"d__Bacteria;p__Bacteroidota;c__Bacteroidia;o__Bacteroidales;f__Bacteroidaceae;g__Bacteroides;s__Bacteroides acidifaciens"
"3","2",10.4581486669458,"d__Bacteria;p__Bacteroidota;c__Bacteroidia;o__Bacteroidales;f__Bacteroidaceae;g__Bacteroides;s__Bacteroides bouchesdurhonensis"
"15","2",10.4581486669458,"d__Bacteria;p__Bacteroidota;c__Bacteroidia;o__Bacteroidales;f__Bacteroidaceae;g__Bacteroides;s__Bacteroides sp002491635"
"36","2",10.4581486669458,"d__Bacteria;p__Bacteroidota;c__Bacteroidia;o__Bacteroidales;f__Bacteroidaceae;g__Prevotella;s__Prevotella buccalis"
"74","2",10.4581486669458,"d__Bacteria;p__Bacteroidota;c__Bacteroidia;o__Flavobacteriales;f__Weeksellaceae;g__Elizabethkingia;s__Elizabethkingia bruuniana"
"76","2",10.4581486669458,"d__Bacteria;p__Firmicutes_A;c__Clostridia;o__Peptostreptococcales;f__Anaerovoracaceae;g__Alterileibacterium;s__"
"52","0.666666666666667",10.3963493782866,"d__Bacteria;p__Bacteroidota;c__Bacteroidia;o__Bacteroidales;f__Bacteroidaceae;g__Prevotella;s__Prevotella timonensis"
