"","frac","Z","Lineage"
"15","0.570430733410943",2323.96648387434,"d__Bacteria;p__Bacteroidota;c__Bacteroidia;o__Bacteroidales;f__Bacteroidaceae;g__Phocaeicola;s__Phocaeicola dorei"
"60","0.538368580060423",237.415438625781,"d__Bacteria;p__Firmicutes_A;c__Clostridia;o__Lachnospirales;f__Lachnospiraceae;g__Agathobacter;s__Agathobacter faecis"
"92","0.000211999152003392",160.1308140525,"d__Bacteria;p__Proteobacteria;c__Gammaproteobacteria;o__Enterobacterales;f__Enterobacteriaceae;g__Escherichia;s__Escherichia coli_D"
"11","0.86026936026936",134.756618892286,"d__Bacteria;p__Bacteroidota;c__Bacteroidia;o__Bacteroidales;f__Bacteroidaceae;g__Paraprevotella;s__Paraprevotella clara"
"75","0.713153724247227",115.641340336953,"d__Bacteria;p__Firmicutes_A;c__Clostridia;o__Lachnospirales;f__Lachnospiraceae;g__Lachnospira;s__Lachnospira sp000437735"
"17","0.698076923076923",96.4869734703338,"d__Bacteria;p__Bacteroidota;c__Bacteroidia;o__Bacteroidales;f__Bacteroidaceae;g__Phocaeicola;s__Phocaeicola plebeius_A"
"6","0.562305295950156",90.2180842983498,"d__Bacteria;p__Bacteroidota;c__Bacteroidia;o__Bacteroidales;f__Bacteroidaceae;g__Bacteroides;s__Bacteroides ovatus"
"54","0.361336032388664",80.490886105459,"d__Bacteria;p__Bacteroidota;c__Bacteroidia;o__Bacteroidales;f__Tannerellaceae;g__Parabacteroides;s__Parabacteroides merdae"
"65","0.265873015873016",71.5819927557014,"d__Bacteria;p__Firmicutes_A;c__Clostridia;o__Lachnospirales;f__Lachnospiraceae;g__Blautia_A;s__Blautia_A wexlerae_A"
"80","0.38283378746594",65.0822989069431,"d__Bacteria;p__Firmicutes_A;c__Clostridia;o__Monoglobales_A;f__UBA1381;g__CAG-41;s__CAG-41 sp900066215"
"49","0.785714285714286",55.0115283397629,"d__Bacteria;p__Bacteroidota;c__Bacteroidia;o__Bacteroidales;f__Muribaculaceae;g__Sodaliphilus;s__Sodaliphilus sp004557565"
"14","0.545714285714286",54.5380443016601,"d__Bacteria;p__Bacteroidota;c__Bacteroidia;o__Bacteroidales;f__Bacteroidaceae;g__Phocaeicola;s__Phocaeicola coprocola"
"37","0.179714091218516",50.2382553003351,"d__Bacteria;p__Bacteroidota;c__Bacteroidia;o__Bacteroidales;f__Bacteroidaceae;g__Prevotella;s__Prevotella sp900557255"
"23","0.58130081300813",45.869374163206,"d__Bacteria;p__Bacteroidota;c__Bacteroidia;o__Bacteroidales;f__Bacteroidaceae;g__Prevotella;s__Prevotella sp000434975"
"26","0.8",45.3588157800945,"d__Bacteria;p__Bacteroidota;c__Bacteroidia;o__Bacteroidales;f__Bacteroidaceae;g__Prevotella;s__Prevotella sp000436915"
"29","0.378205128205128",44.2878297293651,"d__Bacteria;p__Bacteroidota;c__Bacteroidia;o__Bacteroidales;f__Bacteroidaceae;g__Prevotella;s__Prevotella sp003447235"
"74","0.558139534883721",40.089869798112,"d__Bacteria;p__Firmicutes_A;c__Clostridia;o__Lachnospirales;f__Lachnospiraceae;g__Faecalimonas;s__Faecalimonas phoceensis"
"87","0.538812785388128",39.0016197509619,"d__Bacteria;p__Firmicutes;c__Bacilli;o__Erysipelotrichales;f__Erysipelotrichaceae;g__Holdemanella;s__Holdemanella biformis"
"67","0.476595744680851",35.5461303448745,"d__Bacteria;p__Firmicutes_A;c__Clostridia;o__Lachnospirales;f__Lachnospiraceae;g__Butyrivibrio_A;s__Butyrivibrio_A sp000431815"
"13","0.894736842105263",35.4959896655071,"d__Bacteria;p__Bacteroidota;c__Bacteroidia;o__Bacteroidales;f__Bacteroidaceae;g__Paraprevotella;s__Paraprevotella xylaniphila"
"69","0.543956043956044",34.9672233391692,"d__Bacteria;p__Firmicutes_A;c__Clostridia;o__Lachnospirales;f__Lachnospiraceae;g__CAG-882;s__CAG-882 sp003486385"
"30","0.406666666666667",34.9025759124304,"d__Bacteria;p__Bacteroidota;c__Bacteroidia;o__Bacteroidales;f__Bacteroidaceae;g__Prevotella;s__Prevotella sp900313215"
"44","0.193717277486911",34.4438721015044,"d__Bacteria;p__Bacteroidota;c__Bacteroidia;o__Bacteroidales;f__Marinifilaceae;g__Odoribacter;s__Odoribacter splanchnicus"
"4","0.418518518518519",33.5766220138177,"d__Bacteria;p__Bacteroidota;c__Bacteroidia;o__Bacteroidales;f__Bacteroidaceae;g__Bacteroides;s__Bacteroides cellulosilyticus"
"72","0.508108108108108",32.7148351535453,"d__Bacteria;p__Firmicutes_A;c__Clostridia;o__Lachnospirales;f__Lachnospiraceae;g__Enterocloster;s__Enterocloster sp001517625"
"79","0.40590405904059",32.4751579383373,"d__Bacteria;p__Firmicutes_A;c__Clostridia;o__Lachnospirales;f__Lachnospiraceae;g__UMGS1375;s__UMGS1375 sp900066615"
"40","0.631147540983607",32.1692970745976,"d__Bacteria;p__Bacteroidota;c__Bacteroidia;o__Bacteroidales;f__Coprobacteraceae;g__Coprobacter;s__Coprobacter fastidiosus"
"28","0.704081632653061",31.8013567806986,"d__Bacteria;p__Bacteroidota;c__Bacteroidia;o__Bacteroidales;f__Bacteroidaceae;g__Prevotella;s__Prevotella sp002299635"
"27","0.400763358778626",31.2666535141455,"d__Bacteria;p__Bacteroidota;c__Bacteroidia;o__Bacteroidales;f__Bacteroidaceae;g__Prevotella;s__Prevotella sp002265625"
"31","0.473684210526316",28.7219708915394,"d__Bacteria;p__Bacteroidota;c__Bacteroidia;o__Bacteroidales;f__Bacteroidaceae;g__Prevotella;s__Prevotella sp900543975"
"82","0.977272727272727",28.5622527181301,"d__Bacteria;p__Firmicutes_A;c__Clostridia;o__Peptostreptococcales;f__Anaerovoracaceae;g__CAG-238;s__CAG-238 sp000435615"
"53","1.05263157894737",28.4840169391295,"d__Bacteria;p__Bacteroidota;c__Bacteroidia;o__Bacteroidales;f__Tannerellaceae;g__Parabacteroides;s__Parabacteroides goldsteinii"
"58","0.86",26.7643975228935,"d__Bacteria;p__Bacteroidota;c__Bacteroidia;o__Bacteroidales;f__UBA932;g__RC9;s__RC9 sp900545245"
"46","0.811320754716981",25.9767575873693,"d__Bacteria;p__Bacteroidota;c__Bacteroidia;o__Bacteroidales;f__Muribaculaceae;g__CAG-1031;s__CAG-1031 sp000431215"
"8","0.189340813464236",25.3540643929389,"d__Bacteria;p__Bacteroidota;c__Bacteroidia;o__Bacteroidales;f__Bacteroidaceae;g__Bacteroides;s__Bacteroides stercoris"
"88","0.227897838899804",24.9080107369405,"d__Bacteria;p__Firmicutes;c__Bacilli;o__Erysipelotrichales;f__Erysipelotrichaceae;g__Holdemanella;s__Holdemanella sp002299315"
"77","0.142088266953714",20.5247233302958,"d__Bacteria;p__Firmicutes_A;c__Clostridia;o__Lachnospirales;f__Lachnospiraceae;g__Mediterraneibacter;s__Mediterraneibacter torques"
"47","0.923076923076923",20.1006144442038,"d__Bacteria;p__Bacteroidota;c__Bacteroidia;o__Bacteroidales;f__Muribaculaceae;g__CAG-279;s__CAG-279 sp900544305"
"94","0.6",20.0304648658193,"d__Bacteria;p__Spirochaetota;c__Spirochaetia;o__Treponematales;f__Treponemataceae;g__Treponema_D;s__Treponema_D succinifaciens"
"38","0.291845493562232",19.6510468483319,"d__Bacteria;p__Bacteroidota;c__Bacteroidia;o__Bacteroidales;f__Bacteroidaceae;g__Prevotella;s__Prevotella stercorea"
"22","1.33333333333333",19.5874451678957,"d__Bacteria;p__Bacteroidota;c__Bacteroidia;o__Bacteroidales;f__Bacteroidaceae;g__Prevotella;s__Prevotella intermedia"
"86","0.833333333333333",19.4746174468815,"d__Bacteria;p__Firmicutes;c__Bacilli;o__Erysipelotrichales;f__Erysipelotrichaceae;g__Amedibacterium;s__Amedibacterium intestinale"
"66","0.75",19.2108024901128,"d__Bacteria;p__Firmicutes_A;c__Clostridia;o__Lachnospirales;f__Lachnospiraceae;g__Blautia;s__Blautia sp001304935"
"41","0.88",18.693379713535,"d__Bacteria;p__Bacteroidota;c__Bacteroidia;o__Bacteroidales;f__Marinifilaceae;g__Butyricimonas;s__Butyricimonas faecalis"
"84","1.05882352941176",18.4939956127661,"d__Bacteria;p__Firmicutes_A;c__Clostridia;o__Peptostreptococcales;f__Anaerovoracaceae;g__CAG-238;s__CAG-238 sp900551415"
"24","0.644444444444444",18.4233136370001,"d__Bacteria;p__Bacteroidota;c__Bacteroidia;o__Bacteroidales;f__Bacteroidaceae;g__Prevotella;s__Prevotella sp000436035"
"2","0.329341317365269",18.4100612824099,"d__Bacteria;p__Actinobacteriota;c__Coriobacteriia;o__Coriobacteriales;f__Eggerthellaceae;g__Adlercreutzia;s__Adlercreutzia celatus_A"
"20","0.270833333333333",18.221331634366,"d__Bacteria;p__Bacteroidota;c__Bacteroidia;o__Bacteroidales;f__Bacteroidaceae;g__Prevotella;s__Prevotella copri_A"
"21","0.449438202247191",18.1523617085865,"d__Bacteria;p__Bacteroidota;c__Bacteroidia;o__Bacteroidales;f__Bacteroidaceae;g__Prevotella;s__Prevotella hominis"
"42","0.38135593220339",17.7248699313573,"d__Bacteria;p__Bacteroidota;c__Bacteroidia;o__Bacteroidales;f__Marinifilaceae;g__Butyricimonas;s__Butyricimonas paravirosa"
"70","0.361538461538462",17.6412711040685,"d__Bacteria;p__Firmicutes_A;c__Clostridia;o__Lachnospirales;f__Lachnospiraceae;g__CAG-95;s__CAG-95 sp000438155"
"18","0.515625",17.5340657515095,"d__Bacteria;p__Bacteroidota;c__Bacteroidia;o__Bacteroidales;f__Bacteroidaceae;g__Phocaeicola;s__Phocaeicola sp000434735"
"5","1.16666666666667",17.022612120158,"d__Bacteria;p__Bacteroidota;c__Bacteroidia;o__Bacteroidales;f__Bacteroidaceae;g__Bacteroides;s__Bacteroides ndongoniae"
"10","2",16.8112709918235,"d__Bacteria;p__Bacteroidota;c__Bacteroidia;o__Bacteroidales;f__Bacteroidaceae;g__OM05-12;s__OM05-12 sp003438995"
"63","0.386138613861386",16.382265395564,"d__Bacteria;p__Firmicutes_A;c__Clostridia;o__Lachnospirales;f__Lachnospiraceae;g__Bacteroides_F;s__Bacteroides_F pectinophilus"
"19","1",16.2780714978646,"d__Bacteria;p__Bacteroidota;c__Bacteroidia;o__Bacteroidales;f__Bacteroidaceae;g__Phocaeicola;s__Phocaeicola sp002161565"
"9","0.740740740740741",16.1811821931399,"d__Bacteria;p__Bacteroidota;c__Bacteroidia;o__Bacteroidales;f__Bacteroidaceae;g__CAG-462;s__CAG-462 sp900291465"
"64","0.621621621621622",15.8729958946797,"d__Bacteria;p__Firmicutes_A;c__Clostridia;o__Lachnospirales;f__Lachnospiraceae;g__Blautia_A;s__Blautia_A sp900066145"
"61","0.782608695652174",15.742749352469,"d__Bacteria;p__Firmicutes_A;c__Clostridia;o__Lachnospirales;f__Lachnospiraceae;g__Agathobacter;s__Agathobacter sp000434275"
"73","0.530612244897959",15.5591937304896,"d__Bacteria;p__Firmicutes_A;c__Clostridia;o__Lachnospirales;f__Lachnospiraceae;g__Eubacterium_I;s__Eubacterium_I ramulus"
"71","1.09090909090909",15.1435306733569,"d__Bacteria;p__Firmicutes_A;c__Clostridia;o__Lachnospirales;f__Lachnospiraceae;g__Eisenbergiella;s__Eisenbergiella sp003478085"
"34","0.625",14.7381263718885,"d__Bacteria;p__Bacteroidota;c__Bacteroidia;o__Bacteroidales;f__Bacteroidaceae;g__Prevotella;s__Prevotella sp900548745"
"90","0.875",14.607014692337,"d__Bacteria;p__Firmicutes;c__Bacilli;o__Lactobacillales;f__Lactobacillaceae;g__Lactobacillus;s__Lactobacillus crispatus"
"59","0.366666666666667",14.3836887716953,"d__Bacteria;p__Firmicutes_A;c__Clostridia;o__Lachnospirales;f__CAG-274;g__CAG-274;s__CAG-274 sp900545305"
"78","0.199324324324324",13.8667538848654,"d__Bacteria;p__Firmicutes_A;c__Clostridia;o__Lachnospirales;f__Lachnospiraceae;g__TF01-11;s__TF01-11 sp003529475"
"16","0.381578947368421",13.6612916064281,"d__Bacteria;p__Bacteroidota;c__Bacteroidia;o__Bacteroidales;f__Bacteroidaceae;g__Phocaeicola;s__Phocaeicola plebeius"
"12","0.857142857142857",13.3047419291168,"d__Bacteria;p__Bacteroidota;c__Bacteroidia;o__Bacteroidales;f__Bacteroidaceae;g__Paraprevotella;s__Paraprevotella sp003477995"
"7","1.4",13.0322837164539,"d__Bacteria;p__Bacteroidota;c__Bacteroidia;o__Bacteroidales;f__Bacteroidaceae;g__Bacteroides;s__Bacteroides sp900547205"
"25","0.615384615384615",12.9303663287839,"d__Bacteria;p__Bacteroidota;c__Bacteroidia;o__Bacteroidales;f__Bacteroidaceae;g__Prevotella;s__Prevotella sp000436595"
"32","0.722222222222222",12.6398760187568,"d__Bacteria;p__Bacteroidota;c__Bacteroidia;o__Bacteroidales;f__Bacteroidaceae;g__Prevotella;s__Prevotella sp900544495"
"55","1.5",12.4773253638688,"d__Bacteria;p__Bacteroidota;c__Bacteroidia;o__Bacteroidales;f__Tannerellaceae;g__Parabacteroides;s__Parabacteroides sp900541965"
"52","1",12.4222463194983,"d__Bacteria;p__Bacteroidota;c__Bacteroidia;o__Bacteroidales;f__Tannerellaceae;g__Parabacteroides;s__Parabacteroides acidifaciens"
"35","0.6",12.3062863309341,"d__Bacteria;p__Bacteroidota;c__Bacteroidia;o__Bacteroidales;f__Bacteroidaceae;g__Prevotella;s__Prevotella sp900552515"
"1","1.66666666666667",12.0031431386201,"d__Archaea;p__Thermoplasmatota;c__Thermoplasmata;o__Methanomassiliicoccales;f__Methanomethylophilaceae;g__UBA71;s__UBA71 sp006954465"
"3","0.705882352941177",11.9556631979738,"d__Bacteria;p__Bacteroidota;c__Bacteroidia;o__Bacteroidales;f__Bacteroidaceae;g__Bacteroides;s__"
"51","0.705882352941177",11.9556631979738,"d__Bacteria;p__Bacteroidota;c__Bacteroidia;o__Bacteroidales;f__Muribaculaceae;g__UBA7173;s__UBA7173 sp900548705"
"83","1.16666666666667",11.8315843512257,"d__Bacteria;p__Firmicutes_A;c__Clostridia;o__Peptostreptococcales;f__Anaerovoracaceae;g__CAG-238;s__CAG-238 sp900542245"
"33","0.425531914893617",11.8011661858757,"d__Bacteria;p__Bacteroidota;c__Bacteroidia;o__Bacteroidales;f__Bacteroidaceae;g__Prevotella;s__Prevotella sp900546575"
"50","0.9",11.7327310442344,"d__Bacteria;p__Bacteroidota;c__Bacteroidia;o__Bacteroidales;f__Muribaculaceae;g__UBA7173;s__UBA7173 sp001915385"
"57","1",11.677823630078,"d__Bacteria;p__Bacteroidota;c__Bacteroidia;o__Bacteroidales;f__UBA932;g__CAG-831;s__CAG-831 sp900550465"
"39","0.666666666666667",11.578663238425,"d__Bacteria;p__Bacteroidota;c__Bacteroidia;o__Bacteroidales;f__Bacteroidaceae;g__Prevotellamassilia;s__Prevotellamassilia sp900542795"
"62","0.183520599250936",11.4494049801645,"d__Bacteria;p__Firmicutes_A;c__Clostridia;o__Lachnospirales;f__Lachnospiraceae;g__Anaerobutyricum;s__Anaerobutyricum hallii"
"91","0.818181818181818",11.1353149132048,"d__Bacteria;p__Firmicutes;c__Bacilli;o__RFN20;f__CAG-631;g__CAG-631;s__CAG-631 sp000433015"
"95","0.818181818181818",11.1353149132048,"d__Bacteria;p__Verrucomicrobiota;c__Lentisphaeria;o__Victivallales;f__UBA1829;g__UBA1829;s__UBA1829 sp900549415"
"56","0.888888888888889",10.9530954571705,"d__Bacteria;p__Bacteroidota;c__Bacteroidia;o__Bacteroidales;f__Tannerellaceae;g__Parabacteroides;s__Parabacteroides sp900552415"
"36","1",10.8899610950279,"d__Bacteria;p__Bacteroidota;c__Bacteroidia;o__Bacteroidales;f__Bacteroidaceae;g__Prevotella;s__Prevotella sp900553965"
"76","1",10.8899610950279,"d__Bacteria;p__Firmicutes_A;c__Clostridia;o__Lachnospirales;f__Lachnospiraceae;g__Marvinbryantia;s__Marvinbryantia sp900550755"
"89","0.75",10.6105295008137,"d__Bacteria;p__Firmicutes;c__Bacilli;o__Erysipelotrichales;f__Erysipelotrichaceae;g__Holdemanella;s__Holdemanella sp900547815"
"48","0.8",10.3351254584264,"d__Bacteria;p__Bacteroidota;c__Bacteroidia;o__Bacteroidales;f__Muribaculaceae;g__CAG-485;s__CAG-485 sp900760735"
"43","1.25",10.3103525498914,"d__Bacteria;p__Bacteroidota;c__Bacteroidia;o__Bacteroidales;f__Marinifilaceae;g__Butyricimonas;s__Butyricimonas sp900759925"
"81","1.25",10.3103525498914,"d__Bacteria;p__Firmicutes_A;c__Clostridia;o__Oscillospirales;f__Ruminococcaceae;g__Ruminococcus_C;s__Ruminococcus_C sp900770195"
"93","0.5",10.2415232855014,"d__Bacteria;p__Spirochaetota;c__Spirochaetia;o__Treponematales;f__Treponemataceae;g__Treponema_D;s__Treponema_D sp900541945"
"45","1",10.0488944598673,"d__Bacteria;p__Bacteroidota;c__Bacteroidia;o__Bacteroidales;f__Muribaculaceae;g__Amulumruptor;s__Amulumruptor sp001689515"
"68","1",10.0488944598673,"d__Bacteria;p__Firmicutes_A;c__Clostridia;o__Lachnospirales;f__Lachnospiraceae;g__CAG-81;s__CAG-81 sp900541255"
"85","0.377777777777778",10.0098682716719,"d__Bacteria;p__Firmicutes_C;c__Negativicutes;o__Selenomonadales;f__Selenomonadaceae;g__Selenomonas_A;s__Selenomonas_A sp900769615"
