"","frac","Z","Lineage"
"13","0.00023551577955723",359.225334549907,"d__Bacteria;p__Firmicutes_A;c__Clostridia;o__Lachnospirales;f__Lachnospiraceae;g__Agathobacter;s__Agathobacter rectalis"
"11","0.923275862068966",242.712629011485,"d__Bacteria;p__Firmicutes_A;c__Clostridia_A;o__Christensenellales;f__CAG-74;g__UBA11524;s__UBA11524 sp000437595"
"40","0.825941422594142",222.123941042899,"d__Bacteria;p__Firmicutes_A;c__Clostridia;o__Oscillospirales;f__Oscillospiraceae;g__ER4;s__ER4 sp000765235"
"61","0.625644804716286",189.195838611435,"d__Bacteria;p__Firmicutes_C;c__Negativicutes;o__Acidaminococcales;f__Acidaminococcaceae;g__Phascolarctobacterium;s__Phascolarctobacterium faecium"
"77","0",180.93638169543,"d__Bacteria;p__Proteobacteria;c__Gammaproteobacteria;o__Enterobacterales;f__Enterobacteriaceae;g__Escherichia;s__Escherichia coli_D"
"67","1.9185667752443",170.432388718939,"d__Bacteria;p__Firmicutes_C;c__Negativicutes;o__Veillonellales;f__Dialisteraceae;g__Dialister;s__Dialister invisus"
"59","0.825242718446602",151.785163649964,"d__Bacteria;p__Firmicutes_C;c__Negativicutes;o__Acidaminococcales;f__Acidaminococcaceae;g__Phascolarctobacterium_A;s__Phascolarctobacterium_A succinatutens"
"4","0.835913312693498",124.039764362864,"d__Bacteria;p__Firmicutes_A;c__Clostridia_A;o__Christensenellales;f__CAG-138;g__PeH17;s__PeH17 sp000435055"
"6","0.872427983539095",103.230913410149,"d__Bacteria;p__Firmicutes_A;c__Clostridia_A;o__Christensenellales;f__CAG-138;g__SFEL01;s__SFEL01 sp004557245"
"37","0.928205128205128",93.5628401664393,"d__Bacteria;p__Firmicutes_A;c__Clostridia;o__Oscillospirales;f__Oscillospiraceae;g__CAG-83;s__CAG-83 sp001916855"
"26","0.793349168646081",83.3567924723026,"d__Bacteria;p__Firmicutes_A;c__Clostridia;o__Oscillospirales;f__Butyricicoccaceae;g__Agathobaculum;s__Agathobaculum butyriciproducens"
"46","0.758139534883721",80.5350354434861,"d__Bacteria;p__Firmicutes_A;c__Clostridia;o__Oscillospirales;f__Ruminococcaceae;g__Angelakisella;s__Angelakisella sp900547385"
"36","0.905109489051095",70.9299004154125,"d__Bacteria;p__Firmicutes_A;c__Clostridia;o__Oscillospirales;f__Oscillospiraceae;g__CAG-83;s__CAG-83 sp000435975"
"15","0.887640449438202",68.223895453485,"d__Bacteria;p__Firmicutes_A;c__Clostridia;o__Lachnospirales;f__Lachnospiraceae;g__Anaerobutyricum;s__Anaerobutyricum hallii"
"50","0.766990291262136",64.2342564680449,"d__Bacteria;p__Firmicutes_A;c__Clostridia;o__Oscillospirales;f__Ruminococcaceae;g__CAG-115;s__CAG-115 sp003531585"
"31","0.740875912408759",56.8883664805709,"d__Bacteria;p__Firmicutes_A;c__Clostridia;o__Oscillospirales;f__Oscillospiraceae;g__CAG-170;s__CAG-170 sp000432135"
"45","0.947368421052632",54.7005600436291,"d__Bacteria;p__Firmicutes_A;c__Clostridia;o__Oscillospirales;f__Oscillospiraceae;g__UBA738;s__UBA738 sp003522945"
"32","0.944827586206897",49.1824341769428,"d__Bacteria;p__Firmicutes_A;c__Clostridia;o__Oscillospirales;f__Oscillospiraceae;g__CAG-170;s__CAG-170 sp002404795"
"30","0.734597156398104",47.3373324377906,"d__Bacteria;p__Firmicutes_A;c__Clostridia;o__Oscillospirales;f__Oscillospiraceae;g__CAG-110;s__CAG-110 sp003525905"
"19","0.931034482758621",35.5586533176503,"d__Bacteria;p__Firmicutes_A;c__Clostridia;o__Lachnospirales;f__Lachnospiraceae;g__Clostridium_Q;s__Clostridium_Q symbiosum"
"43","0.869565217391304",34.1102343537645,"d__Bacteria;p__Firmicutes_A;c__Clostridia;o__Oscillospirales;f__Oscillospiraceae;g__UBA1777;s__UBA1777 sp900547315"
"10","0.984126984126984",31.3099347364283,"d__Bacteria;p__Firmicutes_A;c__Clostridia_A;o__Christensenellales;f__CAG-74;g__SFMI01;s__SFMI01 sp004556155"
"34","0.878378378378378",30.3579219172094,"d__Bacteria;p__Firmicutes_A;c__Clostridia;o__Oscillospirales;f__Oscillospiraceae;g__CAG-170;s__CAG-170 sp900545925"
"7","0.983050847457627",30.1209874412362,"d__Bacteria;p__Firmicutes_A;c__Clostridia_A;o__Christensenellales;f__CAG-138;g__UBA1685;s__UBA1685 sp002320595"
"33","0.828571428571429",27.5725790916797,"d__Bacteria;p__Firmicutes_A;c__Clostridia;o__Oscillospirales;f__Oscillospiraceae;g__CAG-170;s__CAG-170 sp003516765"
"72","0.979591836734694",27.0064030884299,"d__Bacteria;p__Firmicutes;c__Bacilli;o__Erysipelotrichales;f__Erysipelotrichaceae;g__Bulleidia;s__Bulleidia sp900539965"
"39","0.7375",26.1940257788986,"d__Bacteria;p__Firmicutes_A;c__Clostridia;o__Oscillospirales;f__Oscillospiraceae;g__CAG-83;s__CAG-83 sp900548615"
"81","1",23.9553020416213,"d__Bacteria;p__Proteobacteria;c__Gammaproteobacteria;o__Enterobacterales;f__Enterobacteriaceae;g__Proteus;s__Proteus mirabilis"
"3","1.35",23.2530871923558,"d__Bacteria;p__Firmicutes_A;c__Clostridia_A;o__Christensenellales;f__CAG-138;g__CAG-1024;s__CAG-1024 sp000432015"
"27","0.75",22.6021486803572,"d__Bacteria;p__Firmicutes_A;c__Clostridia;o__Oscillospirales;f__CAG-272;g__CAG-390;s__CAG-390 sp000437015"
"82","0.971428571428571",22.1810325086354,"d__Bacteria;p__Proteobacteria;c__Gammaproteobacteria;o__Enterobacterales;f__Enterobacteriaceae;g__Serratia;s__Serratia marcescens_I"
"1","1.03225806451613",22.1547231366059,"d__Bacteria;p__Actinobacteriota;c__Coriobacteriia;o__Coriobacteriales;f__Atopobiaceae;g__Olsenella_B;s__Olsenella_B sp000752675"
"60","0.921052631578947",21.9096598665032,"d__Bacteria;p__Firmicutes_C;c__Negativicutes;o__Acidaminococcales;f__Acidaminococcaceae;g__Phascolarctobacterium_A;s__Phascolarctobacterium_A succinatutens_A"
"49","0.857142857142857",21.4143870411944,"d__Bacteria;p__Firmicutes_A;c__Clostridia;o__Oscillospirales;f__Ruminococcaceae;g__CAG-115;s__CAG-115 sp003507295"
"16","0.745098039215686",20.4585764212502,"d__Bacteria;p__Firmicutes_A;c__Clostridia;o__Lachnospirales;f__Lachnospiraceae;g__Anaerobutyricum;s__Anaerobutyricum soehngenii"
"18","0.888888888888889",20.453843327424,"d__Bacteria;p__Firmicutes_A;c__Clostridia;o__Lachnospirales;f__Lachnospiraceae;g__Blautia;s__Blautia sp001304935"
"42","0.765957446808511",20.1466914898557,"d__Bacteria;p__Firmicutes_A;c__Clostridia;o__Oscillospirales;f__Oscillospiraceae;g__UBA1777;s__UBA1777 sp003150355"
"5","0.804878048780488",19.7156147085467,"d__Bacteria;p__Firmicutes_A;c__Clostridia_A;o__Christensenellales;f__CAG-138;g__RUG472;s__RUG472 sp900545265"
"22","0.392857142857143",19.6892114884737,"d__Bacteria;p__Firmicutes_A;c__Clostridia;o__Oscillospirales;f__Acutalibacteraceae;g__UBA1691;s__UBA1691 sp900544375"
"80","1",18.6155436631308,"d__Bacteria;p__Proteobacteria;c__Gammaproteobacteria;o__Enterobacterales;f__Enterobacteriaceae;g__Morganella;s__Morganella morganii"
"21","0.727272727272727",18.3269967086215,"d__Bacteria;p__Firmicutes_A;c__Clostridia;o__Monoglobales;f__Monoglobaceae;g__Monoglobus;s__Monoglobus pectinilyticus"
"25","0.603174603174603",18.1829659633777,"d__Bacteria;p__Firmicutes_A;c__Clostridia;o__Oscillospirales;f__Acutalibacteraceae;g__UBA737;s__UBA737 sp900549055"
"58","0.958333333333333",17.7765574150089,"d__Bacteria;p__Firmicutes_C;c__Negativicutes;o__Acidaminococcales;f__Acidaminococcaceae;g__Phascolarctobacterium_A;s__Phascolarctobacterium_A sp900551335"
"53","1.33333333333333",17.469893001941,"d__Bacteria;p__Firmicutes_A;c__Clostridia;o__Tissierellales;f__Peptoniphilaceae;g__Anaerococcus;s__"
"24","0.8125",17.3665386319687,"d__Bacteria;p__Firmicutes_A;c__Clostridia;o__Oscillospirales;f__Acutalibacteraceae;g__UBA737;s__UBA737 sp002431945"
"74","1.05263157894737",17.3420972029438,"d__Bacteria;p__Firmicutes;c__Bacilli;o__Erysipelotrichales;f__Erysipelotrichaceae;g__Holdemania;s__Holdemania sp900120005"
"35","0.916666666666667",16.937571166887,"d__Bacteria;p__Firmicutes_A;c__Clostridia;o__Oscillospirales;f__Oscillospiraceae;g__CAG-170;s__CAG-170 sp900549635"
"66","0.851851851851852",16.6675553459395,"d__Bacteria;p__Firmicutes_C;c__Negativicutes;o__Acidaminococcales;f__Acidaminococcaceae;g__Succiniclasticum;s__Succiniclasticum sp900544275"
"14","0.91304347826087",16.4797412852096,"d__Bacteria;p__Firmicutes_A;c__Clostridia;o__Lachnospirales;f__Lachnospiraceae;g__Agathobacter;s__Agathobacter sp000434275"
"9","1.25",16.3124918859471,"d__Bacteria;p__Firmicutes_A;c__Clostridia_A;o__Christensenellales;f__CAG-74;g__SFFH01;s__SFFH01 sp900542445"
"57","1",15.9382049973846,"d__Bacteria;p__Firmicutes_C;c__Negativicutes;o__Acidaminococcales;f__Acidaminococcaceae;g__Phascolarctobacterium_A;s__Phascolarctobacterium_A sp900544885"
"68","1.3",15.4454393292462,"d__Bacteria;p__Firmicutes_C;c__Negativicutes;o__Veillonellales;f__Dialisteraceae;g__Dialister;s__Dialister sp900541485"
"47","0.857142857142857",14.6413178386818,"d__Bacteria;p__Firmicutes_A;c__Clostridia;o__Oscillospirales;f__Ruminococcaceae;g__Angelakisella;s__Angelakisella sp900552845"
"48","0.857142857142857",14.6413178386818,"d__Bacteria;p__Firmicutes_A;c__Clostridia;o__Oscillospirales;f__Ruminococcaceae;g__CAG-115;s__CAG-115 sp000432175"
"8","0.894736842105263",14.5398035513664,"d__Bacteria;p__Firmicutes_A;c__Clostridia_A;o__Christensenellales;f__CAG-74;g__Firm-11;s__Firm-11 sp900548145"
"56","0.818181818181818",14.2657129901197,"d__Bacteria;p__Firmicutes_B;c__Peptococcia;o__Peptococcales;f__Peptococcaceae;g__UMGS1590;s__UMGS1590 sp900552455"
"28","0.888888888888889",14.022682492173,"d__Bacteria;p__Firmicutes_A;c__Clostridia;o__Oscillospirales;f__CAG-272;g__UMGS1696;s__UMGS1696 sp900753285"
"52","0.9375",13.9521700466813,"d__Bacteria;p__Firmicutes_A;c__Clostridia;o__Peptostreptococcales;f__Peptostreptococcaceae;g__Peptostreptococcus;s__Peptostreptococcus anaerobius"
"83","1",13.9352180091367,"d__Bacteria;p__Proteobacteria;c__Gammaproteobacteria;o__Enterobacterales;f__Enterobacteriaceae;g__Yersinia;s__Yersinia enterocolitica"
"63","0.689655172413793",13.7106465914683,"d__Bacteria;p__Firmicutes_C;c__Negativicutes;o__Acidaminococcales;f__Acidaminococcaceae;g__Phascolarctobacterium;s__Phascolarctobacterium sp900545535"
"54","0.933333333333333",13.4144343614915,"d__Bacteria;p__Firmicutes_A;c__Clostridia;o__Tissierellales;f__Peptoniphilaceae;g__Anaerococcus;s__Anaerococcus obesiensis"
"2","0.866666666666667",12.3719363112178,"d__Bacteria;p__Campylobacterota;c__Campylobacteria;o__Campylobacterales;f__Campylobacteraceae;g__Campylobacter_A;s__Campylobacter_A concisus_R"
"17","0.866666666666667",12.3719363112178,"d__Bacteria;p__Firmicutes_A;c__Clostridia;o__Lachnospirales;f__Lachnospiraceae;g__Blautia;s__Blautia coccoides"
"44","0.866666666666667",12.3719363112178,"d__Bacteria;p__Firmicutes_A;c__Clostridia;o__Oscillospirales;f__Oscillospiraceae;g__UBA1777;s__UBA1777 sp900549865"
"55","0.777777777777778",12.1071599869614,"d__Bacteria;p__Firmicutes_A;c__Clostridia;o__Tissierellales;f__Peptoniphilaceae;g__Levyella;s__Levyella massiliensis"
"23","0.8125",11.9289571453967,"d__Bacteria;p__Firmicutes_A;c__Clostridia;o__Oscillospirales;f__Acutalibacteraceae;g__UBA1691;s__UBA1691 sp900544715"
"65","1",11.6613561519956,"d__Bacteria;p__Firmicutes_C;c__Negativicutes;o__Acidaminococcales;f__Acidaminococcaceae;g__Succiniclasticum;s__Succiniclasticum sp900315805"
"51","0.294573643410853",11.532608593072,"d__Bacteria;p__Firmicutes_A;c__Clostridia;o__Oscillospirales;f__Ruminococcaceae;g__Negativibacillus;s__Negativibacillus sp000435195"
"76","0.652173913043478",11.3468338195723,"d__Bacteria;p__Proteobacteria;c__Gammaproteobacteria;o__Enterobacterales;f__Enterobacteriaceae;g__Enterobacter;s__Enterobacter asburiae_B"
"70","3",11.251420685301,"d__Bacteria;p__Firmicutes_C;c__Negativicutes;o__Veillonellales;f__Veillonellaceae;g__Veillonella;s__Veillonella sp900549805"
"38","0.344827586206897",11.1942508184976,"d__Bacteria;p__Firmicutes_A;c__Clostridia;o__Oscillospirales;f__Oscillospiraceae;g__CAG-83;s__CAG-83 sp003539495"
"75","0.909090909090909",11.0568980402366,"d__Bacteria;p__Firmicutes;c__Bacilli;o__RFN20;f__CAG-631;g__CAG-631;s__CAG-631 sp000433015"
"64","1",11.0324847428545,"d__Bacteria;p__Firmicutes_C;c__Negativicutes;o__Acidaminococcales;f__Acidaminococcaceae;g__Succiniclasticum;s__Succiniclasticum sp900314855"
"73","1",11.0324847428545,"d__Bacteria;p__Firmicutes;c__Bacilli;o__Erysipelotrichales;f__Erysipelotrichaceae;g__Holdemania;s__Holdemania filiformis"
"12","1.16666666666667",10.5335616842757,"d__Bacteria;p__Firmicutes_A;c__Clostridia;o__Eubacteriales;f__Eubacteriaceae;g__Eubacterium;s__Eubacterium callanderi"
"29","1.16666666666667",10.5335616842757,"d__Bacteria;p__Firmicutes_A;c__Clostridia;o__Oscillospirales;f__CAG-272;g__UMGS1696;s__UMGS1696 sp900763885"
"62","1.16666666666667",10.5335616842757,"d__Bacteria;p__Firmicutes_C;c__Negativicutes;o__Acidaminococcales;f__Acidaminococcaceae;g__Phascolarctobacterium;s__Phascolarctobacterium sp900544795"
"69","1.16666666666667",10.5335616842757,"d__Bacteria;p__Firmicutes_C;c__Negativicutes;o__Veillonellales;f__Dialisteraceae;g__Dialister;s__Dialister sp900547785"
"20","1",10.3713457063202,"d__Bacteria;p__Firmicutes_A;c__Clostridia;o__Lachnospirales;f__Lachnospiraceae;g__UBA5416;s__UBA5416 sp900539175"
"41","1",10.3713457063202,"d__Bacteria;p__Firmicutes_A;c__Clostridia;o__Oscillospirales;f__Oscillospiraceae;g__UBA1777;s__UBA1777 sp002320035"
"71","1",10.3713457063202,"d__Bacteria;p__Firmicutes;c__Bacilli;o__Acholeplasmatales;f__Anaeroplasmataceae;g__UMGS268;s__UMGS268 sp900540175"
"78","1",10.3713457063202,"d__Bacteria;p__Proteobacteria;c__Gammaproteobacteria;o__Enterobacterales;f__Enterobacteriaceae;g__Hafnia;s__Hafnia paralvei"
"79","1",10.3713457063202,"d__Bacteria;p__Proteobacteria;c__Gammaproteobacteria;o__Enterobacterales;f__Enterobacteriaceae;g__Mixta;s__Mixta calida"
