"","frac","Z","Lineage"
"14","0.593713620488941",1347.13795989332,"d__Bacteria;p__Bacteroidota;c__Bacteroidia;o__Bacteroidales;f__Bacteroidaceae;g__Phocaeicola;s__Phocaeicola dorei"
"11","0.246223995440296",360.985088758626,"d__Bacteria;p__Bacteroidota;c__Bacteroidia;o__Bacteroidales;f__Bacteroidaceae;g__Bacteroides;s__Bacteroides uniformis"
"38","0.596070726915521",338.403434381735,"d__Bacteria;p__Bacteroidota;c__Bacteroidia;o__Bacteroidales;f__Tannerellaceae;g__Parabacteroides;s__Parabacteroides distasonis"
"109","0.00826796692813229",251.840304386239,"d__Bacteria;p__Proteobacteria;c__Gammaproteobacteria;o__Enterobacterales;f__Enterobacteriaceae;g__Escherichia;s__Escherichia coli_D"
"45","0.104804521902968",161.079189285288,"d__Bacteria;p__Firmicutes_A;c__Clostridia;o__Lachnospirales;f__Lachnospiraceae;g__Agathobacter;s__Agathobacter rectalis"
"40","0.918016194331984",136.956161174959,"d__Bacteria;p__Bacteroidota;c__Bacteroidia;o__Bacteroidales;f__Tannerellaceae;g__Parabacteroides;s__Parabacteroides merdae"
"78","0.915647921760391",113.687316178166,"d__Bacteria;p__Firmicutes_A;c__Clostridia;o__Oscillospirales;f__Ruminococcaceae;g__Faecalibacterium;s__Faecalibacterium prausnitzii"
"65","0.703370786516854",88.9731857995857,"d__Bacteria;p__Firmicutes_A;c__Clostridia;o__Oscillospirales;f__Acutalibacteraceae;g__Ruminococcus_E;s__Ruminococcus_E sp003526955"
"17","0.936538461538462",79.3318487011658,"d__Bacteria;p__Bacteroidota;c__Bacteroidia;o__Bacteroidales;f__Bacteroidaceae;g__Phocaeicola;s__Phocaeicola plebeius_A"
"51","0.835236541598695",78.9778520005461,"d__Bacteria;p__Firmicutes_A;c__Clostridia;o__Lachnospirales;f__Lachnospiraceae;g__Eisenbergiella;s__Eisenbergiella sp900066775"
"55","0.358267716535433",76.7123588376142,"d__Bacteria;p__Firmicutes_A;c__Clostridia;o__Lachnospirales;f__Lachnospiraceae;g__Lachnospira;s__Lachnospira eligens_A"
"110","0.429070580013976",75.6841488026388,"d__Bacteria;p__Verrucomicrobiota;c__Verrucomicrobiae;o__Verrucomicrobiales;f__Akkermansiaceae;g__Akkermansia;s__Akkermansia muciniphila"
"10","0.711079943899018",73.5761688731815,"d__Bacteria;p__Bacteroidota;c__Bacteroidia;o__Bacteroidales;f__Bacteroidaceae;g__Bacteroides;s__Bacteroides stercoris"
"15","1.10736196319018",68.1948838860286,"d__Bacteria;p__Bacteroidota;c__Bacteroidia;o__Bacteroidales;f__Bacteroidaceae;g__Phocaeicola;s__Phocaeicola massiliensis"
"66","0.754448398576512",64.8645404475114,"d__Bacteria;p__Firmicutes_A;c__Clostridia;o__Oscillospirales;f__Acutalibacteraceae;g__UBA1417;s__UBA1417 sp003531055"
"73","1",62.3748258641979,"d__Bacteria;p__Firmicutes_A;c__Clostridia;o__Oscillospirales;f__Oscillospiraceae;g__CAG-110;s__CAG-110 sp000434635"
"8","0.661993769470405",61.3304203464958,"d__Bacteria;p__Bacteroidota;c__Bacteroidia;o__Bacteroidales;f__Bacteroidaceae;g__Bacteroides;s__Bacteroides ovatus"
"13","0.957142857142857",60.4668266611486,"d__Bacteria;p__Bacteroidota;c__Bacteroidia;o__Bacteroidales;f__Bacteroidaceae;g__Phocaeicola;s__Phocaeicola coprocola"
"5","0.632423756019262",56.3423525768654,"d__Bacteria;p__Bacteroidota;c__Bacteroidia;o__Bacteroidales;f__Bacteroidaceae;g__Bacteroides;s__Bacteroides fragilis"
"58","0.461071789686552",55.4782307278125,"d__Bacteria;p__Firmicutes_A;c__Clostridia;o__Oscillospirales;f__Acutalibacteraceae;g__CAG-177;s__CAG-177 sp003514385"
"54","0.300228310502283",54.0350313026329,"d__Bacteria;p__Firmicutes_A;c__Clostridia;o__Lachnospirales;f__Lachnospiraceae;g__Fusicatenibacter;s__Fusicatenibacter saccharivorans"
"3","1.21666666666667",51.0659021890648,"d__Bacteria;p__Bacteroidota;c__Bacteroidia;o__Bacteroidales;f__Bacteroidaceae;g__Bacteroides;s__Bacteroides eggerthii"
"77","0.815533980582524",45.6486571493192,"d__Bacteria;p__Firmicutes_A;c__Clostridia;o__Oscillospirales;f__Ruminococcaceae;g__CAG-115;s__CAG-115 sp003531585"
"86","0.924686192468619",44.606013725097,"d__Bacteria;p__Firmicutes_A;c__Clostridia;o__TANB77;f__CAG-508;g__CAG-245;s__CAG-245 sp000435175"
"82","0.962962962962963",43.7837939917017,"d__Bacteria;p__Firmicutes_A;c__Clostridia;o__Peptostreptococcales;f__Peptostreptococcaceae;g__Clostridioides;s__Clostridioides difficile"
"105","0.873303167420814",39.5419136962719,"d__Bacteria;p__Proteobacteria;c__Alphaproteobacteria;o__RF32;f__CAG-239;g__51-20;s__51-20 sp001917175"
"50","0.921875",38.5073912163074,"d__Bacteria;p__Firmicutes_A;c__Clostridia;o__Lachnospirales;f__Lachnospiraceae;g__COE1;s__COE1 sp001916965"
"81","0.935483870967742",38.3953938661335,"d__Bacteria;p__Firmicutes_A;c__Clostridia;o__Oscillospirales;f__Ruminococcaceae;g__Faecalibacterium;s__Faecalibacterium sp900539945"
"35","0.953216374269006",37.2138399224724,"d__Bacteria;p__Bacteroidota;c__Bacteroidia;o__Bacteroidales;f__Rikenellaceae;g__Alistipes_A;s__Alistipes_A ihumii"
"23","0.957446808510638",33.1547526665864,"d__Bacteria;p__Bacteroidota;c__Bacteroidia;o__Bacteroidales;f__Bacteroidaceae;g__Prevotella;s__Prevotella sp002251385"
"12","0.767441860465116",33.1465047194148,"d__Bacteria;p__Bacteroidota;c__Bacteroidia;o__Bacteroidales;f__Bacteroidaceae;g__Bacteroides;s__Bacteroides xylanisolvens"
"60","0.956204379562044",32.5206231446492,"d__Bacteria;p__Firmicutes_A;c__Clostridia;o__Oscillospirales;f__Acutalibacteraceae;g__CAG-488;s__CAG-488 sp000434055"
"79","0.942028985507246",32.0920973975512,"d__Bacteria;p__Firmicutes_A;c__Clostridia;o__Oscillospirales;f__Ruminococcaceae;g__Faecalibacterium;s__Faecalibacterium prausnitzii_E"
"106","1.08653846153846",31.9596800727722,"d__Bacteria;p__Proteobacteria;c__Alphaproteobacteria;o__RF32;f__CAG-239;g__CAG-267;s__CAG-267 sp001917135"
"89","0.274871039056743",31.6101578458393,"d__Bacteria;p__Firmicutes_C;c__Negativicutes;o__Acidaminococcales;f__Acidaminococcaceae;g__Phascolarctobacterium;s__Phascolarctobacterium faecium"
"84","1.08163265306122",30.6844993918191,"d__Bacteria;p__Firmicutes_A;c__Clostridia;o__TANB77;f__CAG-465;g__CAG-465;s__CAG-465 sp000433755"
"87","0.771739130434783",30.1767844773566,"d__Bacteria;p__Firmicutes_A;c__Clostridia;o__TANB77;f__CAG-508;g__CAG-273;s__CAG-273 sp003534295"
"70","0.940677966101695",29.1121034803489,"d__Bacteria;p__Firmicutes_A;c__Clostridia;o__Oscillospirales;f__CAG-272;g__CAG-448;s__CAG-448 sp003150135"
"27","0.251191286589517",28.3070829818777,"d__Bacteria;p__Bacteroidota;c__Bacteroidia;o__Bacteroidales;f__Bacteroidaceae;g__Prevotella;s__Prevotella sp900557255"
"80","0.895161290322581",28.2749947997158,"d__Bacteria;p__Firmicutes_A;c__Clostridia;o__Oscillospirales;f__Ruminococcaceae;g__Faecalibacterium;s__Faecalibacterium prausnitzii_J"
"21","0.629166666666667",27.6565670149879,"d__Bacteria;p__Bacteroidota;c__Bacteroidia;o__Bacteroidales;f__Bacteroidaceae;g__Prevotella;s__Prevotella copri_A"
"76","0.742690058479532",27.4541646050608,"d__Bacteria;p__Firmicutes_A;c__Clostridia;o__Oscillospirales;f__Oscillospiraceae;g__UBA738;s__UBA738 sp003522945"
"46","0.241222366710013",27.1184361236429,"d__Bacteria;p__Firmicutes_A;c__Clostridia;o__Lachnospirales;f__Lachnospiraceae;g__Anaerostipes;s__Anaerostipes hadrus"
"99","0.907407407407407",26.4351889899981,"d__Bacteria;p__Firmicutes;c__Bacilli;o__RF39;f__UBA660;g__CAG-417;s__CAG-417 sp000432835"
"107","0.947916666666667",25.9579925016443,"d__Bacteria;p__Proteobacteria;c__Alphaproteobacteria;o__RF32;f__CAG-239;g__CAG-495;s__CAG-495 sp000432275"
"6","1.05263157894737",25.5990474520634,"d__Bacteria;p__Bacteroidota;c__Bacteroidia;o__Bacteroidales;f__Bacteroidaceae;g__Bacteroides;s__Bacteroides fragilis_A"
"34","0.988095238095238",25.1991776367848,"d__Bacteria;p__Bacteroidota;c__Bacteroidia;o__Bacteroidales;f__Muribaculaceae;g__UBA7173;s__UBA7173 sp900546835"
"44","0.855670103092783",23.097005896562,"d__Bacteria;p__Firmicutes_A;c__Clostridia;o__Lachnospirales;f__Lachnospiraceae;g__Acetatifactor;s__Acetatifactor sp003447295"
"97","0.911392405063291",22.0840277581793,"d__Bacteria;p__Firmicutes;c__Bacilli;o__Lactobacillales;f__Lactobacillaceae;g__Ligilactobacillus;s__Ligilactobacillus salivarius"
"111","0.9",21.913788755098,"d__Bacteria;p__Verrucomicrobiota;c__Verrucomicrobiae;o__Verrucomicrobiales;f__Akkermansiaceae;g__Akkermansia;s__Akkermansia sp001580195"
"36","0.843373493975904",20.6994266175156,"d__Bacteria;p__Bacteroidota;c__Bacteroidia;o__Bacteroidales;f__Rikenellaceae;g__Alistipes_A;s__Alistipes_A sp900240235"
"47","0.752475247524752",20.1974430827619,"d__Bacteria;p__Firmicutes_A;c__Clostridia;o__Lachnospirales;f__Lachnospiraceae;g__Bacteroides_F;s__Bacteroides_F pectinophilus"
"56","0.302816901408451",19.9200924827474,"d__Bacteria;p__Firmicutes_A;c__Clostridia;o__Lachnospirales;f__Lachnospiraceae;g__Ruminococcus_B;s__Ruminococcus_B gnavus"
"104","7",19.4718115716736,"d__Bacteria;p__Fusobacteriota;c__Fusobacteriia;o__Fusobacteriales;f__Leptotrichiaceae;g__Leptotrichia;s__Leptotrichia wadei"
"18","0.842857142857143",18.7315886939363,"d__Bacteria;p__Bacteroidota;c__Bacteroidia;o__Bacteroidales;f__Bacteroidaceae;g__Phocaeicola;s__Phocaeicola sp000432735"
"30","0.962264150943396",18.7302923900661,"d__Bacteria;p__Bacteroidota;c__Bacteroidia;o__Bacteroidales;f__Muribaculaceae;g__CAG-1031;s__CAG-1031 sp000431215"
"22","0.741573033707865",18.3980206476007,"d__Bacteria;p__Bacteroidota;c__Bacteroidia;o__Bacteroidales;f__Bacteroidaceae;g__Prevotella;s__Prevotella hominis"
"101","0.728260869565217",18.3393154582517,"d__Bacteria;p__Fusobacteriota;c__Fusobacteriia;o__Fusobacteriales;f__Fusobacteriaceae;g__Fusobacterium_A;s__Fusobacterium_A mortiferum"
"85","0.896551724137931",18.1190360736477,"d__Bacteria;p__Firmicutes_A;c__Clostridia;o__TANB77;f__CAG-508;g__CAG-245;s__CAG-245 sp000434195"
"94","0.697916666666667",17.8200928501781,"d__Bacteria;p__Firmicutes;c__Bacilli;o__Lactobacillales;f__Lactobacillaceae;g__Lacticaseibacillus;s__Lacticaseibacillus rhamnosus"
"96","0.907407407407407",17.6506472229146,"d__Bacteria;p__Firmicutes;c__Bacilli;o__Lactobacillales;f__Lactobacillaceae;g__Lactobacillus;s__Lactobacillus paragasseri"
"2","0.729411764705882",17.5383111190949,"d__Bacteria;p__Bacteroidota;c__Bacteroidia;o__Bacteroidales;f__Bacteroidaceae;g__Bacteroides;s__Bacteroides clarus"
"61","0.890909090909091",17.4467023963066,"d__Bacteria;p__Firmicutes_A;c__Clostridia;o__Oscillospirales;f__Acutalibacteraceae;g__CAG-488;s__CAG-488 sp000434915"
"48","0.2508038585209",16.9052770863909,"d__Bacteria;p__Firmicutes_A;c__Clostridia;o__Lachnospirales;f__Lachnospiraceae;g__CAG-127;s__CAG-127 sp900319515"
"83","0.689655172413793",16.5588277127521,"d__Bacteria;p__Firmicutes_A;c__Clostridia;o__Peptostreptococcales;f__Peptostreptococcaceae;g__Romboutsia;s__Romboutsia timonensis"
"57","0.674157303370786",16.2996943485815,"d__Bacteria;p__Firmicutes_A;c__Clostridia;o__Lachnospirales;f__Lachnospiraceae;g__Sellimonas;s__Sellimonas intestinalis"
"102","1.06060606060606",16.1174475983339,"d__Bacteria;p__Fusobacteriota;c__Fusobacteriia;o__Fusobacteriales;f__Fusobacteriaceae;g__Fusobacterium_A;s__Fusobacterium_A ulcerans"
"64","0.810344827586207",16.0254358213473,"d__Bacteria;p__Firmicutes_A;c__Clostridia;o__Oscillospirales;f__Acutalibacteraceae;g__Ruminococcus_E;s__Ruminococcus_E sp003438075"
"41","0.974358974358974",16.0035810353423,"d__Bacteria;p__Bacteroidota;c__Bacteroidia;o__Bacteroidales;f__Tannerellaceae;g__Parabacteroides;s__Parabacteroides sp900549585"
"29","0.573770491803279",15.9137294556032,"d__Bacteria;p__Bacteroidota;c__Bacteroidia;o__Bacteroidales;f__Coprobacteraceae;g__Coprobacter;s__Coprobacter fastidiosus"
"28","0.485714285714286",15.7709398767251,"d__Bacteria;p__Bacteroidota;c__Bacteroidia;o__Bacteroidales;f__Bacteroidaceae;g__Prevotellamassilia;s__Prevotellamassilia timonensis"
"74","0.909090909090909",15.7617375867415,"d__Bacteria;p__Firmicutes_A;c__Clostridia;o__Oscillospirales;f__Oscillospiraceae;g__CAG-110;s__CAG-110 sp900544945"
"31","0.670588235294118",15.7563102331031,"d__Bacteria;p__Bacteroidota;c__Bacteroidia;o__Bacteroidales;f__Muribaculaceae;g__CAG-873;s__CAG-873 sp001701165"
"91","1",15.5407736000149,"d__Bacteria;p__Firmicutes;c__Bacilli;o__Lactobacillales;f__Enterococcaceae;g__Enterococcus_D;s__Enterococcus_D gallinarum"
"93","0.75",15.4033910803344,"d__Bacteria;p__Firmicutes;c__Bacilli;o__Lactobacillales;f__Lactobacillaceae;g__Lacticaseibacillus;s__Lacticaseibacillus paracasei"
"88","0.647727272727273",15.3743027633768,"d__Bacteria;p__Firmicutes_A;c__Clostridia;o__TANB77;f__CAG-508;g__CAG-452;s__CAG-452 sp000434035"
"103","0.947368421052632",15.2574920730385,"d__Bacteria;p__Fusobacteriota;c__Fusobacteriia;o__Fusobacteriales;f__Fusobacteriaceae;g__Fusobacterium_A;s__Fusobacterium_A varium"
"33","0.438775510204082",14.584293753938,"d__Bacteria;p__Bacteroidota;c__Bacteroidia;o__Bacteroidales;f__Muribaculaceae;g__Sodaliphilus;s__Sodaliphilus sp004557565"
"100","0.96969696969697",14.5075443713322,"d__Bacteria;p__Firmicutes;c__Bacilli;o__RF39;f__UBA660;g__CAG-611;s__CAG-611 sp000434175"
"1","1.42857142857143",14.2350403681956,"d__Archaea;p__Methanobacteriota;c__Methanobacteria;o__Methanobacteriales;f__Methanobacteriaceae;g__Methanobrevibacter_A;s__Methanobrevibacter_A smithii"
"43","0.397435897435897",14.0299189147505,"d__Bacteria;p__Cyanobacteria;c__Vampirovibrionia;o__Gastranaerophilales;f__Gastranaerophilaceae;g__CAG-196;s__CAG-196 sp002102975"
"49","1.03846153846154",13.799699646812,"d__Bacteria;p__Firmicutes_A;c__Clostridia;o__Lachnospirales;f__Lachnospiraceae;g__CAG-95;s__CAG-95 sp000436115"
"7","0.966666666666667",13.7160067644996,"d__Bacteria;p__Bacteroidota;c__Bacteroidia;o__Bacteroidales;f__Bacteroidaceae;g__Bacteroides;s__Bacteroides massiliensis_A"
"53","0.340490797546012",13.5419243910482,"d__Bacteria;p__Firmicutes_A;c__Clostridia;o__Lachnospirales;f__Lachnospiraceae;g__Eubacterium_G;s__Eubacterium_G ventriosum"
"98","0.387234042553191",13.4884957285904,"d__Bacteria;p__Firmicutes;c__Bacilli;o__RF39;f__UBA660;g__CAG-302;s__CAG-302 sp000431795"
"39","0.842105263157895",13.2421004489151,"d__Bacteria;p__Bacteroidota;c__Bacteroidia;o__Bacteroidales;f__Tannerellaceae;g__Parabacteroides;s__Parabacteroides goldsteinii"
"75","0.857142857142857",12.9274176656136,"d__Bacteria;p__Firmicutes_A;c__Clostridia;o__Oscillospirales;f__Oscillospiraceae;g__CAG-110;s__CAG-110 sp900546075"
"90","1.1",12.8007710873842,"d__Bacteria;p__Firmicutes;c__Bacilli;o__Haloplasmatales_A;f__Turicibacteraceae;g__Turicibacter;s__Turicibacter sanguinis"
"68","1.04761904761905",12.4171428975339,"d__Bacteria;p__Firmicutes_A;c__Clostridia;o__Oscillospirales;f__Acutalibacteraceae;g__UMGS403;s__UMGS403 sp900540275"
"72","0.361788617886179",12.4117768159753,"d__Bacteria;p__Firmicutes_A;c__Clostridia;o__Oscillospirales;f__Oscillospiraceae;g__CAG-103;s__CAG-103 sp900543625"
"24","0.520408163265306",12.1904266501772,"d__Bacteria;p__Bacteroidota;c__Bacteroidia;o__Bacteroidales;f__Bacteroidaceae;g__Prevotella;s__Prevotella sp002299635"
"16","0.578947368421053",12.1580679223937,"d__Bacteria;p__Bacteroidota;c__Bacteroidia;o__Bacteroidales;f__Bacteroidaceae;g__Phocaeicola;s__Phocaeicola plebeius"
"67","0.84375",12.0708757576232,"d__Bacteria;p__Firmicutes_A;c__Clostridia;o__Oscillospirales;f__Acutalibacteraceae;g__UBA737;s__UBA737 sp002431945"
"69","1",12.0574195270872,"d__Bacteria;p__Firmicutes_A;c__Clostridia;o__Oscillospirales;f__CAG-272;g__CAG-272;s__CAG-272 sp000433515"
"32","0.923076923076923",12.0065716681582,"d__Bacteria;p__Bacteroidota;c__Bacteroidia;o__Bacteroidales;f__Muribaculaceae;g__Paramuribaculum;s__Paramuribaculum sp000431155"
"4","0.654545454545455",11.877310693139,"d__Bacteria;p__Bacteroidota;c__Bacteroidia;o__Bacteroidales;f__Bacteroidaceae;g__Bacteroides;s__Bacteroides finegoldii"
"37","1.21428571428571",11.8483922629518,"d__Bacteria;p__Bacteroidota;c__Bacteroidia;o__Bacteroidales;f__Rikenellaceae;g__Alistipes;s__Alistipes senegalensis"
"19","1.05263157894737",11.8309284286728,"d__Bacteria;p__Bacteroidota;c__Bacteroidia;o__Bacteroidales;f__Bacteroidaceae;g__Phocaeicola;s__Phocaeicola sp900066455"
"42","0.288095238095238",11.7870452185209,"d__Bacteria;p__Bacteroidota;c__Bacteroidia;o__Bacteroidales;f__UBA932;g__RC9;s__RC9 sp000433355"
"95","0.916666666666667",11.399725744404,"d__Bacteria;p__Firmicutes;c__Bacilli;o__Lactobacillales;f__Lactobacillaceae;g__Lactobacillus;s__Lactobacillus delbrueckii"
"26","1",10.821733676465,"d__Bacteria;p__Bacteroidota;c__Bacteroidia;o__Bacteroidales;f__Bacteroidaceae;g__Prevotella;s__Prevotella sp900548585"
"52","0.95",10.7785850534857,"d__Bacteria;p__Firmicutes_A;c__Clostridia;o__Lachnospirales;f__Lachnospiraceae;g__Eubacterium_G;s__Eubacterium_G sp000432355"
"25","0.638297872340426",10.5175876248336,"d__Bacteria;p__Bacteroidota;c__Bacteroidia;o__Bacteroidales;f__Bacteroidaceae;g__Prevotella;s__Prevotella sp900546575"
"59","0.326693227091633",10.4910135649593,"d__Bacteria;p__Firmicutes_A;c__Clostridia;o__Oscillospirales;f__Acutalibacteraceae;g__CAG-177;s__CAG-177 sp003538135"
"62","0.869565217391304",10.4547652689274,"d__Bacteria;p__Firmicutes_A;c__Clostridia;o__Oscillospirales;f__Acutalibacteraceae;g__CAG-488;s__CAG-488 sp900539465"
"92","0.947368421052632",10.4505014844059,"d__Bacteria;p__Firmicutes;c__Bacilli;o__Lactobacillales;f__Enterococcaceae;g__Enterococcus_D;s__Enterococcus_D sp002850555"
"108","0.947368421052632",10.4505014844059,"d__Bacteria;p__Proteobacteria;c__Alphaproteobacteria;o__RF32;f__CAG-239;g__CAG-495;s__CAG-495 sp900540425"
"63","0.904761904761905",10.4398928890938,"d__Bacteria;p__Firmicutes_A;c__Clostridia;o__Oscillospirales;f__Acutalibacteraceae;g__CAG-488;s__CAG-488 sp900554995"
"9","0.714285714285714",10.3140617312123,"d__Bacteria;p__Bacteroidota;c__Bacteroidia;o__Bacteroidales;f__Bacteroidaceae;g__Bacteroides;s__Bacteroides salyersiae"
"20","1.07142857142857",10.2572935261226,"d__Bacteria;p__Bacteroidota;c__Bacteroidia;o__Bacteroidales;f__Bacteroidaceae;g__Phocaeicola;s__Phocaeicola sp900540105"
"71","0.6",10.0356373426645,"d__Bacteria;p__Firmicutes_A;c__Clostridia;o__Oscillospirales;f__Oscillospiraceae;g__CAG-103;s__CAG-103 sp900317855"
