"","frac","Z","Lineage"
"28","0.351528384279476",550.590658262358,"d__Bacteria;p__Firmicutes_A;c__Clostridia;o__Oscillospirales;f__Ruminococcaceae;g__Ruminococcus_D;s__Ruminococcus_D bicirculans"
"5","0.0232828870779977",197.846112780193,"d__Bacteria;p__Bacteroidota;c__Bacteroidia;o__Bacteroidales;f__Bacteroidaceae;g__Phocaeicola;s__Phocaeicola dorei"
"25","0.0600093764650727",110.056734692814,"d__Bacteria;p__Firmicutes_A;c__Clostridia;o__Oscillospirales;f__Acutalibacteraceae;g__Ruminococcus_E;s__Ruminococcus_E bromii_B"
"10","0.32013201320132",87.4969210095403,"d__Bacteria;p__Campylobacterota;c__Campylobacteria;o__Campylobacterales;f__Campylobacteraceae;g__Campylobacter_D;s__Campylobacter_D jejuni"
"38","0.000211999152003392",53.6245222725543,"d__Bacteria;p__Proteobacteria;c__Gammaproteobacteria;o__Enterobacterales;f__Enterobacteriaceae;g__Escherichia;s__Escherichia coli_D"
"18","0.0416918429003021",46.7831526047418,"d__Bacteria;p__Firmicutes_A;c__Clostridia;o__Lachnospirales;f__Lachnospiraceae;g__Agathobacter;s__Agathobacter faecis"
"37","0.761904761904762",43.1636399937095,"d__Bacteria;p__Proteobacteria;c__Alphaproteobacteria;o__RF32;f__CAG-977;g__UBA11549;s__UBA11549 sp900550445"
"32","0.0910746812386157",36.3954738157835,"d__Bacteria;p__Firmicutes;c__Bacilli;o__Lactobacillales;f__Enterococcaceae;g__Enterococcus;s__Enterococcus faecalis"
"36","0.240384615384615",32.8658489638227,"d__Bacteria;p__Proteobacteria;c__Alphaproteobacteria;o__RF32;f__CAG-239;g__CAG-267;s__CAG-267 sp001917135"
"27","0.158469945355191",30.2024819079653,"d__Bacteria;p__Firmicutes_A;c__Clostridia;o__Oscillospirales;f__Acutalibacteraceae;g__Ruminococcus_E;s__Ruminococcus_E sp900314705"
"23","0.714285714285714",22.5850620350434,"d__Bacteria;p__Firmicutes_A;c__Clostridia;o__Lachnospirales;f__Lachnospiraceae;g__UBA9502;s__UBA9502 sp900555625"
"42","0.277777777777778",20.7582734399198,"d__Bacteria;p__Spirochaetota;c__Spirochaetia;o__Treponematales;f__Treponemataceae;g__Treponema_D;s__Treponema_D sp900541995"
"21","0.0683544303797468",20.5761920834111,"d__Bacteria;p__Firmicutes_A;c__Clostridia;o__Lachnospirales;f__Lachnospiraceae;g__Roseburia;s__Roseburia hominis"
"3","0.00883442576232545",20.2274881489402,"d__Bacteria;p__Bacteroidota;c__Bacteroidia;o__Bacteroidales;f__Bacteroidaceae;g__Bacteroides;s__Bacteroides uniformis"
"33","0.0940594059405941",18.4511627987106,"d__Bacteria;p__Firmicutes;c__Bacilli;o__RFN20;f__CAG-288;g__CAG-568;s__CAG-568 sp000434395"
"39","0.0621621621621622",17.6191710112799,"d__Bacteria;p__Proteobacteria;c__Gammaproteobacteria;o__Enterobacterales;f__Succinivibrionaceae;g__Succinivibrio;s__Succinivibrio sp000431835"
"20","1",16.6077789090114,"d__Bacteria;p__Firmicutes_A;c__Clostridia;o__Lachnospirales;f__Lachnospiraceae;g__Extibacter;s__Extibacter sp001185345"
"34","1",16.6077789090114,"d__Bacteria;p__Fusobacteriota;c__Fusobacteriia;o__Fusobacteriales;f__Fusobacteriaceae;g__Fusobacterium_A;s__Fusobacterium_A varium_A"
"16","0.6",15.8914726924529,"d__Bacteria;p__Firmicutes_A;c__Clostridia;o__Clostridiales;f__Clostridiaceae;g__Clostridium_P;s__Clostridium_P ventriculi"
"26","0.0292134831460674",14.4207435502819,"d__Bacteria;p__Firmicutes_A;c__Clostridia;o__Oscillospirales;f__Acutalibacteraceae;g__Ruminococcus_E;s__Ruminococcus_E sp003526955"
"2","0.0369181380417336",14.1998486836842,"d__Bacteria;p__Bacteroidota;c__Bacteroidia;o__Bacteroidales;f__Bacteroidaceae;g__Bacteroides;s__Bacteroides fragilis"
"24","0.184210526315789",13.98397271017,"d__Bacteria;p__Firmicutes_A;c__Clostridia;o__Oscillospirales;f__Acutalibacteraceae;g__Eubacterium_R;s__Eubacterium_R sp900539775"
"13","0.263157894736842",13.8582735176544,"d__Bacteria;p__Firmicutes_A;c__Clostridia_A;o__Christensenellales;f__CAG-917;g__CAG-1138;s__CAG-1138 sp000434675"
"29","0.666666666666667",13.5799967275237,"d__Bacteria;p__Firmicutes_A;c__Clostridia;o__Saccharofermentanales;f__DTU023;g__SFGY01;s__"
"35","0.666666666666667",13.5799967275237,"d__Bacteria;p__Fusobacteriota;c__Fusobacteriia;o__Fusobacteriales;f__Fusobacteriaceae;g__Fusobacterium;s__Fusobacterium periodonticum_D"
"6","0.428571428571429",13.4547003638301,"d__Bacteria;p__Bacteroidota;c__Bacteroidia;o__Bacteroidales;f__Porphyromonadaceae;g__Porphyromonas_A;s__Porphyromonas_A sp900541275"
"19","0.0386740331491713",13.4466624400487,"d__Bacteria;p__Firmicutes_A;c__Clostridia;o__Lachnospirales;f__Lachnospiraceae;g__Butyrivibrio_A;s__Butyrivibrio_A crossotus"
"7","0.0452380952380952",13.349252388848,"d__Bacteria;p__Bacteroidota;c__Bacteroidia;o__Bacteroidales;f__UBA932;g__RC9;s__RC9 sp000433355"
"30","0.162790697674419",13.164780414377,"d__Bacteria;p__Firmicutes_A;c__Clostridia;o__TANB77;f__CAG-508;g__CAG-273;s__CAG-273 sp003507395"
"41","0.1125",12.6865756468651,"d__Bacteria;p__Spirochaetota;c__Brachyspirae;o__Brachyspirales;f__Brachyspiraceae;g__Brachyspira;s__Brachyspira aalborgi"
"14","0.5",11.7681535986252,"d__Bacteria;p__Firmicutes_A;c__Clostridia_A;o__Christensenellales;f__QAND01;g__UMGS1975;s__UMGS1975 sp900751745"
"1","1",11.6636776045703,"d__Bacteria;p__Actinobacteriota;c__Actinomycetia;o__Actinomycetales;f__Bifidobacteriaceae;g__Bifidobacterium;s__Bifidobacterium sp002884815"
"8","1",11.6636776045703,"d__Bacteria;p__Bacteroidota;c__Bacteroidia;o__Flavobacteriales;f__Weeksellaceae;g__Chryseobacterium;s__Chryseobacterium gambrini"
"9","1",11.6636776045703,"d__Bacteria;p__Campylobacterota;c__Campylobacteria;o__Campylobacterales;f__Campylobacteraceae;g__Campylobacter_A;s__Campylobacter_A concisus_E"
"12","1",11.6636776045703,"d__Bacteria;p__Campylobacterota;c__Campylobacteria;o__Campylobacterales;f__Helicobacteraceae;g__Helicobacter_D;s__Helicobacter_D winghamensis"
"15","1",11.6636776045703,"d__Bacteria;p__Firmicutes_A;c__Clostridia;o__Clostridiales;f__Clostridiaceae;g__Clostridium_B;s__Clostridium_B tyrobutyricum"
"17","1",11.6636776045703,"d__Bacteria;p__Firmicutes_A;c__Clostridia;o__Lachnospirales;f__Lachnospiraceae;g__Acetivibrio_A;s__Acetivibrio_A ethanolgignens"
"22","1",11.6636776045703,"d__Bacteria;p__Firmicutes_A;c__Clostridia;o__Lachnospirales;f__Lachnospiraceae;g__SFDP01;s__SFDP01 sp004558185"
"31","1",11.6636776045703,"d__Bacteria;p__Firmicutes;c__Bacilli;o__Bacillales_A;f__Planococcaceae;g__Paenisporosarcina;s__Paenisporosarcina sp000411295"
"40","1",11.6636776045703,"d__Bacteria;p__Proteobacteria;c__Gammaproteobacteria;o__Enterobacterales;f__Vibrionaceae;g__Vibrio;s__Vibrio furnissii"
"4","0.0558139534883721",10.7224611453447,"d__Bacteria;p__Bacteroidota;c__Bacteroidia;o__Bacteroidales;f__Bacteroidaceae;g__Bacteroides;s__Bacteroides xylanisolvens"
"11","0.19047619047619",10.4674858512758,"d__Bacteria;p__Campylobacterota;c__Campylobacteria;o__Campylobacterales;f__Campylobacteraceae;g__Campylobacter_D;s__Campylobacter_D sp900539255"
