"","frac","Z","Lineage"
"13","0.827997671711292",1873.68145576311,"d__Bacteria;p__Bacteroidota;c__Bacteroidia;o__Bacteroidales;f__Bacteroidaceae;g__Phocaeicola;s__Phocaeicola dorei"
"44","0.00494583137070184",562.582117874446,"d__Bacteria;p__Firmicutes_A;c__Clostridia;o__Lachnospirales;f__Lachnospiraceae;g__Agathobacter;s__Agathobacter rectalis"
"8","0.30208036477629",454.814460807149,"d__Bacteria;p__Bacteroidota;c__Bacteroidia;o__Bacteroidales;f__Bacteroidaceae;g__Bacteroides;s__Bacteroides uniformis"
"117","0.988819007686932",208.667048815247,"d__Bacteria;p__Verrucomicrobiota;c__Verrucomicrobiae;o__Verrucomicrobiales;f__Akkermansiaceae;g__Akkermansia;s__Akkermansia muciniphila"
"21","0.810590631364562",169.257968743091,"d__Bacteria;p__Bacteroidota;c__Bacteroidia;o__Bacteroidales;f__Barnesiellaceae;g__Barnesiella;s__Barnesiella intestinihominis"
"7","1.07320872274143",101.634957746328,"d__Bacteria;p__Bacteroidota;c__Bacteroidia;o__Bacteroidales;f__Bacteroidaceae;g__Bacteroides;s__Bacteroides ovatus"
"78","0.387008733624454",77.7090907420911,"d__Bacteria;p__Firmicutes_A;c__Clostridia;o__Oscillospirales;f__Ruminococcaceae;g__Ruminococcus_D;s__Ruminococcus_D bicirculans"
"31","0.887404580152672",68.2832015650142,"d__Bacteria;p__Desulfobacterota;c__Desulfovibrionia;o__Desulfovibrionales;f__Desulfovibrionaceae;g__Bilophila;s__Bilophila wadsworthia"
"15","0.801923076923077",59.7362344682011,"d__Bacteria;p__Bacteroidota;c__Bacteroidia;o__Bacteroidales;f__Bacteroidaceae;g__Phocaeicola;s__Phocaeicola plebeius_A"
"4","1.09121621621622",57.6014738017141,"d__Bacteria;p__Bacteroidota;c__Bacteroidia;o__Bacteroidales;f__Bacteroidaceae;g__Bacteroides;s__Bacteroides caccae"
"118","1.01194029850746",57.3900968265504,"d__Bacteria;p__Verrucomicrobiota;c__Verrucomicrobiae;o__Verrucomicrobiales;f__Akkermansiaceae;g__Akkermansia;s__Akkermansia muciniphila_B"
"9","1.26511627906977",55.2619250901215,"d__Bacteria;p__Bacteroidota;c__Bacteroidia;o__Bacteroidales;f__Bacteroidaceae;g__Bacteroides;s__Bacteroides xylanisolvens"
"76","0.933933933933934",51.826112177498,"d__Bacteria;p__Firmicutes_A;c__Clostridia;o__Oscillospirales;f__Ruminococcaceae;g__Ruminococcus_C;s__Ruminococcus_C callidus"
"55","0.807600950118765",51.2452043936265,"d__Bacteria;p__Firmicutes_A;c__Clostridia;o__Oscillospirales;f__Butyricicoccaceae;g__Agathobaculum;s__Agathobaculum butyriciproducens"
"62","0.841025641025641",50.9778624417629,"d__Bacteria;p__Firmicutes_A;c__Clostridia;o__Oscillospirales;f__Oscillospiraceae;g__CAG-83;s__CAG-83 sp001916855"
"68","0.815104166666667",48.4430466136227,"d__Bacteria;p__Firmicutes_A;c__Clostridia;o__Oscillospirales;f__Oscillospiraceae;g__Flavonifractor;s__Flavonifractor plautii"
"56","0.870588235294118",48.2124799400574,"d__Bacteria;p__Firmicutes_A;c__Clostridia;o__Oscillospirales;f__Oscillospiraceae;g__CAG-110;s__CAG-110 sp000434635"
"105","0.973880597014925",46.9225604037801,"d__Bacteria;p__Proteobacteria;c__Gammaproteobacteria;o__Enterobacterales;f__Enterobacteriaceae;g__Salmonella;s__Salmonella enterica"
"61","0.956204379562044",46.582484513265,"d__Bacteria;p__Firmicutes_A;c__Clostridia;o__Oscillospirales;f__Oscillospiraceae;g__CAG-83;s__CAG-83 sp000435975"
"89","0.906666666666667",46.4401401004589,"d__Bacteria;p__Firmicutes;c__Bacilli;o__Erysipelotrichales;f__Erysipelatoclostridiaceae;g__Erysipelatoclostridium;s__Erysipelatoclostridium ramosum"
"40","0.864951768488746",44.9078443555004,"d__Bacteria;p__Firmicutes_A;c__Clostridia_A;o__Christensenellales;f__CAG-917;g__CAG-349;s__CAG-349 sp003539515"
"58","0.927007299270073",44.8434310853461,"d__Bacteria;p__Firmicutes_A;c__Clostridia;o__Oscillospirales;f__Oscillospiraceae;g__CAG-170;s__CAG-170 sp000432135"
"60","0.745454545454545",43.2613633492985,"d__Bacteria;p__Firmicutes_A;c__Clostridia;o__Oscillospirales;f__Oscillospiraceae;g__CAG-83;s__CAG-83 sp000431575"
"3","9.33333333333333",43.0369124331298,"d__Archaea;p__Thermoplasmatota;c__Thermoplasmata;o__Methanomassiliicoccales;f__Methanomethylophilaceae;g__UBA71;s__UBA71 sp006954465"
"1","11",41.3156612421392,"d__Archaea;p__Thermoplasmatota;c__Thermoplasmata;o__Methanomassiliicoccales;f__Methanomethylophilaceae;g__Methanomethylophilus;s__Methanomethylophilus alvus"
"85","0.740223463687151",40.6620792927759,"d__Bacteria;p__Firmicutes_C;c__Negativicutes;o__Veillonellales;f__Megasphaeraceae;g__Megasphaera;s__Megasphaera sp000417505"
"33","1.12987012987013",39.1089212233739,"d__Bacteria;p__Desulfobacterota;c__Desulfovibrionia;o__Desulfovibrionales;f__Desulfovibrionaceae;g__Desulfovibrio;s__Desulfovibrio piger"
"37","0.51702786377709",38.9669190180482,"d__Bacteria;p__Firmicutes_A;c__Clostridia_A;o__Christensenellales;f__CAG-138;g__PeH17;s__PeH17 sp000435055"
"65","0.950738916256158",37.89164885595,"d__Bacteria;p__Firmicutes_A;c__Clostridia;o__Oscillospirales;f__Oscillospiraceae;g__F23-B02;s__F23-B02 sp001916715"
"102","0.54249547920434",36.8160188649066,"d__Bacteria;p__Proteobacteria;c__Gammaproteobacteria;o__Burkholderiales;f__Burkholderiaceae;g__Sutterella;s__Sutterella wadsworthensis_A"
"27","0.923469387755102",35.7396207026187,"d__Bacteria;p__Bacteroidota;c__Bacteroidia;o__Bacteroidales;f__Muribaculaceae;g__Sodaliphilus;s__Sodaliphilus sp004557565"
"57","0.886255924170616",35.631114814029,"d__Bacteria;p__Firmicutes_A;c__Clostridia;o__Oscillospirales;f__Oscillospiraceae;g__CAG-110;s__CAG-110 sp003525905"
"64","0.772200772200772",34.287007655571,"d__Bacteria;p__Firmicutes_A;c__Clostridia;o__Oscillospirales;f__Oscillospiraceae;g__Dysosmobacter;s__Dysosmobacter welbionis"
"38","0.678018575851393",33.637745760723,"d__Bacteria;p__Firmicutes_A;c__Clostridia_A;o__Christensenellales;f__CAG-138;g__Phil1;s__Phil1 sp001940855"
"12","0.885416666666667",33.4765218571932,"d__Bacteria;p__Bacteroidota;c__Bacteroidia;o__Bacteroidales;f__Bacteroidaceae;g__Phocaeicola;s__Phocaeicola coprophilus"
"80","0.890710382513661",32.702303620323,"d__Bacteria;p__Firmicutes_C;c__Negativicutes;o__Veillonellales;f__Dialisteraceae;g__Dialister;s__Dialister succinatiphilus"
"101","0.814285714285714",31.9309161963612,"d__Bacteria;p__Proteobacteria;c__Gammaproteobacteria;o__Burkholderiales;f__Burkholderiaceae;g__Mesosutterella;s__Mesosutterella multiformis"
"29","1.05555555555556",31.8628917225704,"d__Bacteria;p__Bacteroidota;c__Bacteroidia;o__Bacteroidales;f__UBA11471;g__UBA11471;s__UBA11471 sp000434215"
"20","0.291354663036079",31.0636622791017,"d__Bacteria;p__Bacteroidota;c__Bacteroidia;o__Bacteroidales;f__Bacteroidaceae;g__Prevotella;s__Prevotella sp900557255"
"6","1.26315789473684",29.1347738356331,"d__Bacteria;p__Bacteroidota;c__Bacteroidia;o__Bacteroidales;f__Bacteroidaceae;g__Bacteroides;s__Bacteroides fragilis_A"
"46","0.670411985018727",29.0437971072203,"d__Bacteria;p__Firmicutes_A;c__Clostridia;o__Lachnospirales;f__Lachnospiraceae;g__Anaerobutyricum;s__Anaerobutyricum hallii"
"72","0.801169590643275",27.4065995476064,"d__Bacteria;p__Firmicutes_A;c__Clostridia;o__Oscillospirales;f__Oscillospiraceae;g__UBA738;s__UBA738 sp003522945"
"17","0.666666666666667",27.2757788898222,"d__Bacteria;p__Bacteroidota;c__Bacteroidia;o__Bacteroidales;f__Bacteroidaceae;g__Prevotella;s__Prevotella sp000434975"
"35","0.981651376146789",26.737218838345,"d__Bacteria;p__Desulfobacterota;c__Desulfovibrionia;o__Desulfovibrionales;f__Desulfovibrionaceae;g__Desulfovibrio;s__Desulfovibrio sp900319575"
"87","10",26.3358217646507,"d__Bacteria;p__Firmicutes;c__Bacilli;o__Bacillales_A;f__Planococcaceae;g__Kurthia;s__Kurthia massiliensis"
"92","1",25.8144906117723,"d__Bacteria;p__Firmicutes;c__Bacilli;o__ML615J-28;f__CAG-313;g__CAG-313;s__CAG-313 sp000433035"
"93","0.873015873015873",25.2642298562616,"d__Bacteria;p__Firmicutes;c__Bacilli;o__ML615J-28;f__CAG-313;g__CAG-313;s__CAG-313 sp003539625"
"75","0.844961240310077",24.6014876634913,"d__Bacteria;p__Firmicutes_A;c__Clostridia;o__Oscillospirales;f__Ruminococcaceae;g__Negativibacillus;s__Negativibacillus sp000435195"
"26","0.988235294117647",23.252428409088,"d__Bacteria;p__Bacteroidota;c__Bacteroidia;o__Bacteroidales;f__Muribaculaceae;g__CAG-873;s__CAG-873 sp001701165"
"119","1.0125",23.1099017292221,"d__Bacteria;p__Verrucomicrobiota;c__Verrucomicrobiae;o__Verrucomicrobiales;f__Akkermansiaceae;g__Akkermansia;s__Akkermansia sp001580195"
"54","0.550877192982456",23.0531938354944,"d__Bacteria;p__Firmicutes_A;c__Clostridia;o__Lachnospirales;f__Lachnospiraceae;g__KLE1615;s__KLE1615 sp900066985"
"22","0.830508474576271",22.7992497810881,"d__Bacteria;p__Bacteroidota;c__Bacteroidia;o__Bacteroidales;f__Marinifilaceae;g__Butyricimonas;s__Butyricimonas paravirosa"
"79","0.987179487179487",22.0831484278882,"d__Bacteria;p__Firmicutes_C;c__Negativicutes;o__Veillonellales;f__Dialisteraceae;g__Dialister;s__Dialister hominis"
"30","1.02816901408451",21.963445269871,"d__Bacteria;p__Campylobacterota;c__Campylobacteria;o__Campylobacterales;f__Helicobacteraceae;g__Helicobacter;s__Helicobacter pylori_BU"
"53","0.789473684210526",20.9324460214093,"d__Bacteria;p__Firmicutes_A;c__Clostridia;o__Lachnospirales;f__Lachnospiraceae;g__Coprococcus_A;s__Coprococcus_A catus"
"36","0.96",20.8630770595261,"d__Bacteria;p__Elusimicrobiota;c__Elusimicrobia;o__Elusimicrobiales;f__Elusimicrobiaceae;g__UBA1436;s__UBA1436 sp900541355"
"63","0.885057471264368",20.5850645764906,"d__Bacteria;p__Firmicutes_A;c__Clostridia;o__Oscillospirales;f__Oscillospiraceae;g__CAG-83;s__CAG-83 sp003539495"
"59","0.945945945945946",20.3308196423015,"d__Bacteria;p__Firmicutes_A;c__Clostridia;o__Oscillospirales;f__Oscillospiraceae;g__CAG-170;s__CAG-170 sp900545925"
"52","0.857142857142857",20.3081278971918,"d__Bacteria;p__Firmicutes_A;c__Clostridia;o__Lachnospirales;f__Lachnospiraceae;g__Blautia;s__Blautia stercoris"
"77","0.971014492753623",20.1578863431842,"d__Bacteria;p__Firmicutes_A;c__Clostridia;o__Oscillospirales;f__Ruminococcaceae;g__Ruminococcus_C;s__Ruminococcus_C sp000437175"
"90","0.942857142857143",19.6079457470167,"d__Bacteria;p__Firmicutes;c__Bacilli;o__Erysipelotrichales;f__Erysipelotrichaceae;g__Absicoccus;s__Absicoccus sp000434355"
"112","1",18.5360451154336,"d__Bacteria;p__Verrucomicrobiota;c__Lentisphaeria;o__Victivallales;f__UBA1829;g__UBA1829;s__UBA1829 sp900549045"
"109","0.866666666666667",18.3852936256066,"d__Bacteria;p__Proteobacteria;c__Gammaproteobacteria;o__Pseudomonadales;f__Moraxellaceae;g__Acinetobacter;s__Acinetobacter baumannii"
"48","0.982456140350877",18.3259322826304,"d__Bacteria;p__Firmicutes_A;c__Clostridia;o__Lachnospirales;f__Lachnospiraceae;g__Blautia;s__Blautia hansenii"
"11","7",18.295063080896,"d__Bacteria;p__Bacteroidota;c__Bacteroidia;o__Bacteroidales;f__Bacteroidaceae;g__HGM04593;s__HGM04593 sp900769465"
"16","0.90625",17.7346459379105,"d__Bacteria;p__Bacteroidota;c__Bacteroidia;o__Bacteroidales;f__Bacteroidaceae;g__Prevotella;s__Prevotella pectinovora"
"86","1.04347826086957",17.4594802096175,"d__Bacteria;p__Firmicutes_C;c__Negativicutes;o__Veillonellales;f__Megasphaeraceae;g__Megasphaera;s__Megasphaera sp001546855"
"66","0.810126582278481",17.4031110194252,"d__Bacteria;p__Firmicutes_A;c__Clostridia;o__Oscillospirales;f__Oscillospiraceae;g__F23-B02;s__F23-B02 sp002472405"
"116","1.09756097560976",17.3892334686059,"d__Bacteria;p__Verrucomicrobiota;c__Verrucomicrobiae;o__Opitutales;f__CAG-312;g__CAG-312;s__CAG-312 sp900545715"
"71","0.888888888888889",17.1583457153247,"d__Bacteria;p__Firmicutes_A;c__Clostridia;o__Oscillospirales;f__Oscillospiraceae;g__Lawsonibacter;s__Lawsonibacter sp900066825"
"14","0.802631578947368",16.8143310230269,"d__Bacteria;p__Bacteroidota;c__Bacteroidia;o__Bacteroidales;f__Bacteroidaceae;g__Phocaeicola;s__Phocaeicola plebeius"
"24","0.905660377358491",15.9134680943974,"d__Bacteria;p__Bacteroidota;c__Bacteroidia;o__Bacteroidales;f__Muribaculaceae;g__CAG-1031;s__CAG-1031 sp000431215"
"84","1.02564102564103",15.594533440661,"d__Bacteria;p__Firmicutes_C;c__Negativicutes;o__Veillonellales;f__Megasphaeraceae;g__Megasphaera;s__Megasphaera massiliensis"
"18","0.571428571428571",15.3223514084887,"d__Bacteria;p__Bacteroidota;c__Bacteroidia;o__Bacteroidales;f__Bacteroidaceae;g__Prevotella;s__Prevotella sp000436915"
"108","0.976190476190476",15.3081650745479,"d__Bacteria;p__Proteobacteria;c__Gammaproteobacteria;o__Enterobacterales;f__Succinivibrionaceae;g__WG-1;s__WG-1 sp900539665"
"83","0.67741935483871",15.158094414922,"d__Bacteria;p__Firmicutes_C;c__Negativicutes;o__Veillonellales;f__Megasphaeraceae;g__Megasphaera;s__Megasphaera elsdenii"
"47","0.882352941176471",15.0747308284017,"d__Bacteria;p__Firmicutes_A;c__Clostridia;o__Lachnospirales;f__Lachnospiraceae;g__Anaerobutyricum;s__Anaerobutyricum soehngenii"
"45","0.914893617021277",15.057915672272,"d__Bacteria;p__Firmicutes_A;c__Clostridia;o__Lachnospirales;f__Lachnospiraceae;g__AM51-8;s__AM51-8 sp003478275"
"2","3.33333333333333",14.8443491803691,"d__Archaea;p__Thermoplasmatota;c__Thermoplasmata;o__Methanomassiliicoccales;f__Methanomethylophilaceae;g__UBA71;s__"
"88","0.8",14.6106801013261,"d__Bacteria;p__Firmicutes;c__Bacilli;o__Erysipelotrichales;f__Erysipelatoclostridiaceae;g__Coprobacillus;s__Coprobacillus cateniformis"
"50","1",14.4679570854056,"d__Bacteria;p__Firmicutes_A;c__Clostridia;o__Lachnospirales;f__Lachnospiraceae;g__Blautia;s__Blautia sp001304935"
"42","1.10344827586207",14.4531334679665,"d__Bacteria;p__Firmicutes_A;c__Clostridia;o__Clostridiales;f__Clostridiaceae;g__Clostridium;s__Clostridium neonatale"
"41","0.928571428571429",14.3993078484002,"d__Bacteria;p__Firmicutes_A;c__Clostridia;o__Clostridiales;f__Clostridiaceae;g__Clostridium;s__Clostridium butyricum"
"120","1",14.2442366218609,"d__Bacteria;p__Verrucomicrobiota;c__Verrucomicrobiae;o__Verrucomicrobiales;f__Akkermansiaceae;g__Akkermansia;s__Akkermansia sp004167605"
"74","0.575",14.0669543129794,"d__Bacteria;p__Firmicutes_A;c__Clostridia;o__Oscillospirales;f__Ruminococcaceae;g__Gemmiger;s__Gemmiger sp900539695"
"98","0.84",14.0156080618574,"d__Bacteria;p__Proteobacteria;c__Gammaproteobacteria;o__Burkholderiales;f__Burkholderiaceae;g__Duodenibacillus;s__Duodenibacillus sp900544255"
"19","0.811320754716981",13.8612408766614,"d__Bacteria;p__Bacteroidota;c__Bacteroidia;o__Bacteroidales;f__Bacteroidaceae;g__Prevotella;s__Prevotella sp002300055"
"73","0.836734693877551",13.7888517501776,"d__Bacteria;p__Firmicutes_A;c__Clostridia;o__Oscillospirales;f__Ruminococcaceae;g__Faecalibacterium;s__Faecalibacterium sp900540455"
"5","0.407407407407407",13.7561878822442,"d__Bacteria;p__Bacteroidota;c__Bacteroidia;o__Bacteroidales;f__Bacteroidaceae;g__Bacteroides;s__Bacteroides cellulosilyticus"
"23","0.883720930232558",13.7225433471627,"d__Bacteria;p__Bacteroidota;c__Bacteroidia;o__Bacteroidales;f__Marinifilaceae;g__Odoribacter;s__Odoribacter laneus"
"104","0.921052631578947",13.4830972598159,"d__Bacteria;p__Proteobacteria;c__Gammaproteobacteria;o__Enterobacterales;f__Enterobacteriaceae;g__Proteus;s__Proteus mirabilis"
"28","0.39041095890411",13.4573604307194,"d__Bacteria;p__Bacteroidota;c__Bacteroidia;o__Bacteroidales;f__Rikenellaceae;g__Alistipes;s__Alistipes communis"
"51","0.767857142857143",13.3257816876016,"d__Bacteria;p__Firmicutes_A;c__Clostridia;o__Lachnospirales;f__Lachnospiraceae;g__Blautia;s__Blautia sp900541955"
"110","0.86046511627907",13.2728081270094,"d__Bacteria;p__Proteobacteria;c__Gammaproteobacteria;o__Pseudomonadales;f__Pseudomonadaceae;g__Pseudomonas;s__Pseudomonas aeruginosa"
"39","0.878048780487805",13.2555831948965,"d__Bacteria;p__Firmicutes_A;c__Clostridia_A;o__Christensenellales;f__CAG-138;g__RUG472;s__RUG472 sp900545265"
"103","1",12.8442674612407,"d__Bacteria;p__Proteobacteria;c__Gammaproteobacteria;o__Burkholderiales;f__Neisseriaceae;g__Neisseria;s__Neisseria gonorrhoeae"
"114","1",12.8442674612407,"d__Bacteria;p__Verrucomicrobiota;c__Verrucomicrobiae;o__Opitutales;f__CAG-312;g__CAG-312;s__CAG-312 sp002405555"
"107","0.769230769230769",12.806759092674,"d__Bacteria;p__Proteobacteria;c__Gammaproteobacteria;o__Enterobacterales;f__Pasteurellaceae;g__Haemophilus_D;s__Haemophilus_D parainfluenzae"
"82","0.939393939393939",12.777169963049,"d__Bacteria;p__Firmicutes_C;c__Negativicutes;o__Veillonellales;f__Megasphaeraceae;g__Caecibacter;s__Caecibacter sp003467125"
"100","0.871794871794872",12.7770086005433,"d__Bacteria;p__Proteobacteria;c__Gammaproteobacteria;o__Burkholderiales;f__Burkholderiaceae;g__Mesosutterella;s__Mesosutterella massiliensis"
"32","1.08333333333333",12.7540741506186,"d__Bacteria;p__Desulfobacterota;c__Desulfovibrionia;o__Desulfovibrionales;f__Desulfovibrionaceae;g__Desulfovibrio;s__Desulfovibrio fairfieldensis"
"106","0.868421052631579",12.5330191593456,"d__Bacteria;p__Proteobacteria;c__Gammaproteobacteria;o__Enterobacterales;f__Pasteurellaceae;g__Haemophilus_D;s__"
"69","0.888888888888889",12.5214679640341,"d__Bacteria;p__Firmicutes_A;c__Clostridia;o__Oscillospirales;f__Oscillospiraceae;g__Lawsonibacter;s__Lawsonibacter asaccharolyticus"
"99","0.864864864864865",12.2856883738789,"d__Bacteria;p__Proteobacteria;c__Gammaproteobacteria;o__Burkholderiales;f__Burkholderiaceae;g__Duodenibacillus;s__Duodenibacillus sp900767875"
"97","1",11.8449612773578,"d__Bacteria;p__Proteobacteria;c__Alphaproteobacteria;o__Rhizobiales;f__Xanthobacteraceae;g__Afipia;s__Afipia broomeae"
"96","1",11.5850977715159,"d__Bacteria;p__Proteobacteria;c__Alphaproteobacteria;o__RF32;f__CAG-977;g__UBA2903;s__UBA2903 sp900768875"
"67","0.833333333333333",11.5482234033484,"d__Bacteria;p__Firmicutes_A;c__Clostridia;o__Oscillospirales;f__Oscillospiraceae;g__F23-B02;s__F23-B02 sp900545805"
"49","0.961538461538462",11.5370398603605,"d__Bacteria;p__Firmicutes_A;c__Clostridia;o__Lachnospirales;f__Lachnospiraceae;g__Blautia;s__Blautia sp000432195"
"43","0.623188405797101",11.3593445971936,"d__Bacteria;p__Firmicutes_A;c__Clostridia;o__Clostridiales;f__Clostridiaceae;g__Clostridium;s__Clostridium sp900540255"
"34","1",11.0514921080063,"d__Bacteria;p__Desulfobacterota;c__Desulfovibrionia;o__Desulfovibrionales;f__Desulfovibrionaceae;g__Desulfovibrio;s__Desulfovibrio piger_A"
"111","1",11.0514921080063,"d__Bacteria;p__Verrucomicrobiota;c__Lentisphaeria;o__Victivallales;f__UBA1829;g__UBA11452;s__UBA11452 sp003526375"
"95","1",10.777107170918,"d__Bacteria;p__Proteobacteria;c__Alphaproteobacteria;o__RF32;f__CAG-977;g__UBA11549;s__UBA11549 sp900550445"
"115","0.956521739130435",10.7247274219892,"d__Bacteria;p__Verrucomicrobiota;c__Verrucomicrobiae;o__Opitutales;f__CAG-312;g__CAG-312;s__CAG-312 sp900545705"
"10","0.888888888888889",10.6903450267613,"d__Bacteria;p__Bacteroidota;c__Bacteroidia;o__Bacteroidales;f__Bacteroidaceae;g__CAG-462;s__CAG-462 sp900291465"
"113","0.954545454545455",10.4432373491197,"d__Bacteria;p__Verrucomicrobiota;c__Lentisphaeria;o__Victivallales;f__Victivallaceae;g__Victivallis;s__Victivallis vadensis"
"25","1",10.2112664441299,"d__Bacteria;p__Bacteroidota;c__Bacteroidia;o__Bacteroidales;f__Muribaculaceae;g__CAG-485;s__CAG-485 sp000437495"
"91","1.57142857142857",10.1835830406587,"d__Bacteria;p__Firmicutes;c__Bacilli;o__Erysipelotrichales;f__Erysipelotrichaceae;g__NSJ-61;s__NSJ-61 sp003433845"
"70","0.851851851851852",10.1363993190624,"d__Bacteria;p__Firmicutes_A;c__Clostridia;o__Oscillospirales;f__Oscillospiraceae;g__Lawsonibacter;s__Lawsonibacter sp000177015"
"94","0.91304347826087",10.1287455056306,"d__Bacteria;p__Proteobacteria;c__Alphaproteobacteria;o__RF32;f__CAG-239;g__RUG410;s__RUG410 sp900769705"
"81","1.66666666666667",10.0375638549256,"d__Bacteria;p__Firmicutes_C;c__Negativicutes;o__Veillonellales;f__Dialisteraceae;g__UBA1822;s__UBA1822 sp002314995"
