"","frac","Z","Lineage"
"11","0.561904761904762",300.81637847082,"d__Bacteria;p__Firmicutes_A;c__Clostridia;o__Lachnospirales;f__Lachnospiraceae;g__Blautia_A;s__Blautia_A wexlerae_A"
"7","0.0110692416391898",98.5183272729572,"d__Bacteria;p__Firmicutes_A;c__Clostridia;o__Lachnospirales;f__Lachnospiraceae;g__Agathobacter;s__Agathobacter rectalis"
"43","0",96.5156446292996,"d__Bacteria;p__Proteobacteria;c__Gammaproteobacteria;o__Enterobacterales;f__Enterobacteriaceae;g__Escherichia;s__Escherichia coli_D"
"20","0.428865979381443",93.1541323812552,"d__Bacteria;p__Firmicutes_A;c__Clostridia;o__Lachnospirales;f__Lachnospiraceae;g__Coprococcus;s__Coprococcus sp900066115"
"6","0.135347432024169",89.5718068271504,"d__Bacteria;p__Firmicutes_A;c__Clostridia;o__Lachnospirales;f__Lachnospiraceae;g__Agathobacter;s__Agathobacter faecis"
"9","0.880733944954128",72.3192935638994,"d__Bacteria;p__Firmicutes_A;c__Clostridia;o__Lachnospirales;f__Lachnospiraceae;g__Blautia_A;s__Blautia_A caecimuris"
"13","0.628571428571429",68.406958745075,"d__Bacteria;p__Firmicutes_A;c__Clostridia;o__Lachnospirales;f__Lachnospiraceae;g__CAG-194;s__CAG-194 sp000432915"
"34","0.797752808988764",57.8976679834959,"d__Bacteria;p__Firmicutes_A;c__Clostridia;o__Lachnospirales;f__Lachnospiraceae;g__Sellimonas;s__Sellimonas intestinalis"
"22","0.888888888888889",48.4768890710359,"d__Bacteria;p__Firmicutes_A;c__Clostridia;o__Lachnospirales;f__Lachnospiraceae;g__Eisenbergiella;s__Eisenbergiella massiliensis"
"25","0.793103448275862",44.9043009751763,"d__Bacteria;p__Firmicutes_A;c__Clostridia;o__Lachnospirales;f__Lachnospiraceae;g__Eisenbergiella;s__Eisenbergiella tayi"
"1","0.0784313725490196",43.423930348013,"d__Bacteria;p__Actinobacteriota;c__Actinomycetia;o__Actinomycetales;f__Bifidobacteriaceae;g__Bifidobacterium;s__Bifidobacterium infantis"
"10","0.698412698412698",41.291841460043,"d__Bacteria;p__Firmicutes_A;c__Clostridia;o__Lachnospirales;f__Lachnospiraceae;g__Blautia_A;s__Blautia_A sp003471165"
"19","0.594202898550725",36.8004901069474,"d__Bacteria;p__Firmicutes_A;c__Clostridia;o__Lachnospirales;f__Lachnospiraceae;g__Coprococcus;s__Coprococcus sp000154245"
"15","1",36.451060005587,"d__Bacteria;p__Firmicutes_A;c__Clostridia;o__Lachnospirales;f__Lachnospiraceae;g__CAG-95;s__CAG-95 sp000436115"
"18","0.368421052631579",29.9370842063887,"d__Bacteria;p__Firmicutes_A;c__Clostridia;o__Lachnospirales;f__Lachnospiraceae;g__Coprococcus_A;s__Coprococcus_A catus"
"38","0.628571428571429",26.6007497381354,"d__Bacteria;p__Firmicutes_A;c__Clostridia;o__Oscillospirales;f__Oscillospiraceae;g__UBA5446;s__UBA5446 sp900545405"
"23","1.09090909090909",25.1271827847486,"d__Bacteria;p__Firmicutes_A;c__Clostridia;o__Lachnospirales;f__Lachnospiraceae;g__Eisenbergiella;s__Eisenbergiella sp003478085"
"8","0.191011235955056",25.073154606651,"d__Bacteria;p__Firmicutes_A;c__Clostridia;o__Lachnospirales;f__Lachnospiraceae;g__Anaerobutyricum;s__Anaerobutyricum hallii"
"31","1",20.6824279954727,"d__Bacteria;p__Firmicutes_A;c__Clostridia;o__Lachnospirales;f__Lachnospiraceae;g__Frisingicoccus;s__Frisingicoccus sp900757195"
"41","0.6",18.6787553830187,"d__Bacteria;p__Firmicutes;c__Bacilli;o__Lactobacillales;f__Enterococcaceae;g__Enterococcus_B;s__Enterococcus_B hirae"
"29","0.888888888888889",18.3309847032221,"d__Bacteria;p__Firmicutes_A;c__Clostridia;o__Lachnospirales;f__Lachnospiraceae;g__Frisingicoccus;s__Frisingicoccus sp900549105"
"28","1",16.7309140999793,"d__Bacteria;p__Firmicutes_A;c__Clostridia;o__Lachnospirales;f__Lachnospiraceae;g__Frisingicoccus;s__Frisingicoccus caecimuris"
"37","0.777777777777778",15.9795414109716,"d__Bacteria;p__Firmicutes_A;c__Clostridia;o__Oscillospirales;f__Oscillospiraceae;g__UBA5446;s__UBA5446 sp004553625"
"21","1.33333333333333",15.676691624298,"d__Bacteria;p__Firmicutes_A;c__Clostridia;o__Lachnospirales;f__Lachnospiraceae;g__Eisenbergiella;s__"
"5","1",15.2185865743569,"d__Bacteria;p__Firmicutes_A;c__Clostridia;o__Clostridiales;f__Clostridiaceae;g__Clostridium;s__Clostridium sp900759995"
"3","0.387096774193548",14.9637450408898,"d__Bacteria;p__Bacteroidota;c__Bacteroidia;o__Bacteroidales;f__Marinifilaceae;g__Odoribacter;s__Odoribacter massiliensis"
"17","0.246153846153846",13.9018485888461,"d__Bacteria;p__Firmicutes_A;c__Clostridia;o__Lachnospirales;f__Lachnospiraceae;g__Clostridium_AP;s__Clostridium_AP scindens"
"30","0.833333333333333",13.8776372210103,"d__Bacteria;p__Firmicutes_A;c__Clostridia;o__Lachnospirales;f__Lachnospiraceae;g__Frisingicoccus;s__Frisingicoccus sp900753685"
"42","0.666666666666667",13.6280981187211,"d__Bacteria;p__Proteobacteria;c__Gammaproteobacteria;o__Burkholderiales;f__Burkholderiaceae;g__Oxalobacter;s__Oxalobacter formigenes"
"2","2",13.4908429698835,"d__Bacteria;p__Actinobacteriota;c__Actinomycetia;o__Actinomycetales;f__Micrococcaceae;g__Rothia;s__Rothia aeria"
"4","2",13.4908429698835,"d__Bacteria;p__Bacteroidota;c__Bacteroidia;o__Flavobacteriales;f__Weeksellaceae;g__Elizabethkingia;s__Elizabethkingia bruuniana"
"16","2",13.4908429698835,"d__Bacteria;p__Firmicutes_A;c__Clostridia;o__Lachnospirales;f__Lachnospiraceae;g__Catenibacillus;s__Catenibacillus sp900553975"
"32","2",13.4908429698835,"d__Bacteria;p__Firmicutes_A;c__Clostridia;o__Lachnospirales;f__Lachnospiraceae;g__GCA-900066755;s__GCA-900066755 sp900066755"
"39","0.714285714285714",12.8305249124223,"d__Bacteria;p__Firmicutes_A;c__Clostridia;o__Tissierellales;f__Peptoniphilaceae;g__Peptoniphilus_A;s__Peptoniphilus_A lacrimalis"
"35","0.625",11.982464354619,"d__Bacteria;p__Firmicutes_A;c__Clostridia;o__Lachnospirales;f__Lachnospiraceae;g__UBA5416;s__UBA5416 sp900539175"
"12","0.228070175438596",11.8520107176562,"d__Bacteria;p__Firmicutes_A;c__Clostridia;o__Lachnospirales;f__Lachnospiraceae;g__Blautia;s__Blautia hansenii"
"24","1",11.6896158960042,"d__Bacteria;p__Firmicutes_A;c__Clostridia;o__Lachnospirales;f__Lachnospiraceae;g__Eisenbergiella;s__Eisenbergiella sp900548905"
"27","1",11.6896158960042,"d__Bacteria;p__Firmicutes_A;c__Clostridia;o__Lachnospirales;f__Lachnospiraceae;g__Extibacter;s__Extibacter muris"
"14","0.666666666666667",11.0243603420412,"d__Bacteria;p__Firmicutes_A;c__Clostridia;o__Lachnospirales;f__Lachnospiraceae;g__CAG-81;s__CAG-81 sp900541255"
"40","0.666666666666667",11.0243603420412,"d__Bacteria;p__Firmicutes;c__Bacilli;o__Bacillales;f__Bacillaceae_G;g__Bacillus_A;s__Bacillus_A thuringiensis_S"
"33","0.0563380281690141",10.5542368263235,"d__Bacteria;p__Firmicutes_A;c__Clostridia;o__Lachnospirales;f__Lachnospiraceae;g__Ruminococcus_B;s__Ruminococcus_B gnavus"
"36","0.571428571428571",10.1801630673392,"d__Bacteria;p__Firmicutes_A;c__Clostridia;o__Lachnospirales;f__Lachnospiraceae;g__UBA7160;s__UBA7160 sp902363665"
"26","0.75",10.0899866720967,"d__Bacteria;p__Firmicutes_A;c__Clostridia;o__Lachnospirales;f__Lachnospiraceae;g__Extibacter;s__Extibacter hylemonae"
