"","frac","Z","Lineage"
"87","0",345.880515792781,"d__Bacteria;p__Proteobacteria;c__Gammaproteobacteria;o__Enterobacterales;f__Enterobacteriaceae;g__Escherichia;s__Escherichia coli_D"
"1","30",281.776489903776,"d__Archaea;p__Methanobacteriota;c__Methanobacteria;o__Methanobacteriales;f__Methanobacteriaceae;g__Methanobrevibacter_A;s__Methanobrevibacter_A smithii"
"7","0.948529411764706",198.31064747628,"d__Bacteria;p__Actinobacteriota;c__Actinomycetia;o__Actinomycetales;f__Bifidobacteriaceae;g__Bifidobacterium;s__Bifidobacterium infantis"
"38","1.01957585644372",77.4078831850737,"d__Bacteria;p__Bacteroidota;c__Bacteroidia;o__Bacteroidales;f__Muribaculaceae;g__CAG-279;s__CAG-279 sp000437795"
"2","7.85714285714286",72.1930305460425,"d__Archaea;p__Methanobacteriota;c__Methanobacteria;o__Methanobacteriales;f__Methanobacteriaceae;g__Methanobrevibacter_A;s__Methanobrevibacter_A smithii_A"
"51","0.434195725534308",64.1188121988346,"d__Bacteria;p__Firmicutes_A;c__Clostridia;o__Lachnospirales;f__Lachnospiraceae;g__Lachnospira;s__Lachnospira eligens_A"
"34","0.473110959836624",58.1091230585334,"d__Bacteria;p__Bacteroidota;c__Bacteroidia;o__Bacteroidales;f__Bacteroidaceae;g__Prevotella;s__Prevotella sp900557255"
"55","0.614906832298137",57.0814373839816,"d__Bacteria;p__Firmicutes_A;c__Clostridia;o__Oscillospirales;f__Ruminococcaceae;g__Ruminiclostridium_E;s__Ruminiclostridium_E siraeum"
"49","0.75516693163752",52.6134490457847,"d__Bacteria;p__Firmicutes_A;c__Clostridia;o__Lachnospirales;f__Lachnospiraceae;g__Eubacterium_F;s__Eubacterium_F sp003491505"
"42","0.928571428571429",50.8595061769054,"d__Bacteria;p__Bacteroidota;c__Bacteroidia;o__Bacteroidales;f__UBA932;g__RC9;s__RC9 sp000433355"
"68","0.808056872037915",42.2373906940913,"d__Bacteria;p__Firmicutes_C;c__Negativicutes;o__Veillonellales;f__Dialisteraceae;g__Dialister;s__Dialister sp000434475"
"11","0.634551495016611",39.0776243044509,"d__Bacteria;p__Actinobacteriota;c__Coriobacteriia;o__Coriobacteriales;f__Coriobacteriaceae;g__Collinsella;s__"
"5","9.33333333333333",38.5558690779881,"d__Archaea;p__Thermoplasmatota;c__Thermoplasmata;o__Methanomassiliicoccales;f__Methanomethylophilaceae;g__UBA71;s__UBA71 sp006954465"
"3","11",37.0486988956179,"d__Archaea;p__Thermoplasmatota;c__Thermoplasmata;o__Methanomassiliicoccales;f__Methanomethylophilaceae;g__Methanomethylophilus;s__Methanomethylophilus alvus"
"45","0.978632478632479",36.1515237107615,"d__Bacteria;p__Cyanobacteria;c__Vampirovibrionia;o__Gastranaerophilales;f__Gastranaerophilaceae;g__CAG-196;s__CAG-196 sp002102975"
"86","0.759459459459459",35.1172238676898,"d__Bacteria;p__Proteobacteria;c__Gammaproteobacteria;o__Burkholderiales;f__Burkholderiaceae;g__Parasutterella;s__Parasutterella excrementihominis"
"47","0.622467771639042",34.8565343658905,"d__Bacteria;p__Firmicutes_A;c__Clostridia;o__Lachnospirales;f__Lachnospiraceae;g__Butyrivibrio_A;s__Butyrivibrio_A crossotus"
"83","1.02659574468085",33.3462678569013,"d__Bacteria;p__Proteobacteria;c__Gammaproteobacteria;o__Burkholderiales;f__Burkholderiaceae;g__Duodenibacillus;s__Duodenibacillus sp900538905"
"40","0.969387755102041",31.793946208317,"d__Bacteria;p__Bacteroidota;c__Bacteroidia;o__Bacteroidales;f__Muribaculaceae;g__Sodaliphilus;s__Sodaliphilus sp004557565"
"8","0.538950715421304",30.9592668898211,"d__Bacteria;p__Actinobacteriota;c__Actinomycetia;o__Actinomycetales;f__Bifidobacteriaceae;g__Bifidobacterium;s__Bifidobacterium pseudocatenulatum"
"62","1.3265306122449",30.7124707408441,"d__Bacteria;p__Firmicutes_A;c__Clostridia;o__TANB77;f__CAG-465;g__CAG-465;s__CAG-465 sp000433755"
"82","1.04516129032258",30.1945932767845,"d__Bacteria;p__Proteobacteria;c__Gammaproteobacteria;o__Burkholderiales;f__Burkholderiaceae;g__Duodenibacillus;s__Duodenibacillus sp003472385"
"21","0.988023952095808",29.4263659049817,"d__Bacteria;p__Actinobacteriota;c__Coriobacteriia;o__Coriobacteriales;f__Eggerthellaceae;g__Adlercreutzia;s__Adlercreutzia celatus_A"
"31","0.736666666666667",28.9624201230172,"d__Bacteria;p__Bacteroidota;c__Bacteroidia;o__Bacteroidales;f__Bacteroidaceae;g__Prevotella;s__Prevotella sp900313215"
"32","0.95906432748538",28.7295014179681,"d__Bacteria;p__Bacteroidota;c__Bacteroidia;o__Bacteroidales;f__Bacteroidaceae;g__Prevotella;s__Prevotella sp900543975"
"81","0.791878172588833",24.2423806489349,"d__Bacteria;p__Proteobacteria;c__Gammaproteobacteria;o__Burkholderiales;f__Burkholderiaceae;g__Duodenibacillus;s__Duodenibacillus massiliensis"
"36","0.918032786885246",21.987571129261,"d__Bacteria;p__Bacteroidota;c__Bacteroidia;o__Bacteroidales;f__Coprobacteraceae;g__Coprobacter;s__Coprobacter fastidiosus"
"16","0.847222222222222",21.8395695510335,"d__Bacteria;p__Actinobacteriota;c__Coriobacteriia;o__Coriobacteriales;f__Coriobacteriaceae;g__Collinsella;s__Collinsella sp002232035"
"65","0.835616438356164",21.6132584451802,"d__Bacteria;p__Firmicutes_A;c__Clostridia;o__TANB77;f__CAG-508;g__CAG-269;s__CAG-269 sp003525075"
"78","0.717821782178218",21.3926479679929,"d__Bacteria;p__Firmicutes;c__Bacilli;o__RFN20;f__CAG-288;g__CAG-568;s__CAG-568 sp000434395"
"35","0.721649484536082",21.0041355153945,"d__Bacteria;p__Bacteroidota;c__Bacteroidia;o__Bacteroidales;f__Bacteroidaceae;g__Prevotellamassilia;s__Prevotellamassilia sp900539625"
"12","0.557803468208092",20.7217675837797,"d__Bacteria;p__Actinobacteriota;c__Coriobacteriia;o__Coriobacteriales;f__Coriobacteriaceae;g__Collinsella;s__Collinsella aerofaciens_F"
"84","1.3",20.3036874906039,"d__Bacteria;p__Proteobacteria;c__Gammaproteobacteria;o__Burkholderiales;f__Burkholderiaceae;g__Duodenibacillus;s__Duodenibacillus sp900544255"
"69","0.790540540540541",20.1749743704049,"d__Bacteria;p__Firmicutes;c__Bacilli;o__Acholeplasmatales;f__Anaeroplasmataceae;g__CAG-307;s__CAG-307 sp001916215"
"33","2.63636363636364",20.0442416210452,"d__Bacteria;p__Bacteroidota;c__Bacteroidia;o__Bacteroidales;f__Bacteroidaceae;g__Prevotella;s__Prevotella sp900552675"
"57","0.955056179775281",19.1830332666353,"d__Bacteria;p__Firmicutes_A;c__Clostridia;o__Oscillospirales;f__Ruminococcaceae;g__Ruminiclostridium_E;s__Ruminiclostridium_E sp900539195"
"28","0.771428571428571",18.8272660705754,"d__Bacteria;p__Bacteroidota;c__Bacteroidia;o__Bacteroidales;f__Bacteroidaceae;g__Prevotella;s__Prevotella sp000436915"
"53","0.755244755244755",18.5058938226892,"d__Bacteria;p__Firmicutes_A;c__Clostridia;o__Lachnospirales;f__Lachnospiraceae;g__UBA11774;s__UBA11774 sp003507655"
"29","0.723404255319149",17.2335164826742,"d__Bacteria;p__Bacteroidota;c__Bacteroidia;o__Bacteroidales;f__Bacteroidaceae;g__Prevotella;s__Prevotella sp002251385"
"54","0.5",17.0697448968379,"d__Bacteria;p__Firmicutes_A;c__Clostridia;o__Oscillospirales;f__Oscillospiraceae;g__Dysosmobacter;s__Dysosmobacter sp001916835"
"25","0.865168539325843",16.8054270052146,"d__Bacteria;p__Bacteroidota;c__Bacteroidia;o__Bacteroidales;f__Bacteroidaceae;g__Prevotella;s__Prevotella hominis"
"17","1.15217391304348",16.6967050952698,"d__Bacteria;p__Actinobacteriota;c__Coriobacteriia;o__Coriobacteriales;f__Coriobacteriaceae;g__Collinsella;s__Collinsella sp003466125"
"23","7",16.3558862568128,"d__Bacteria;p__Bacteroidota;c__Bacteroidia;o__Bacteroidales;f__Bacteroidaceae;g__HGM04593;s__HGM04593 sp900769465"
"50","0.519298245614035",15.9656908531771,"d__Bacteria;p__Firmicutes_A;c__Clostridia;o__Lachnospirales;f__Lachnospiraceae;g__KLE1615;s__KLE1615 sp900066985"
"73","0.787878787878788",15.7226712481535,"d__Bacteria;p__Firmicutes;c__Bacilli;o__ML615J-28;f__CAG-313;g__CAG-313;s__CAG-313 sp000433035"
"85","1.08695652173913",15.5161173105865,"d__Bacteria;p__Proteobacteria;c__Gammaproteobacteria;o__Burkholderiales;f__Burkholderiaceae;g__Duodenibacillus;s__Duodenibacillus sp900544335"
"63","0.535564853556485",14.969813063813,"d__Bacteria;p__Firmicutes_A;c__Clostridia;o__TANB77;f__CAG-508;g__CAG-245;s__CAG-245 sp000435175"
"24","0.533333333333333",14.901963138177,"d__Bacteria;p__Bacteroidota;c__Bacteroidia;o__Bacteroidales;f__Bacteroidaceae;g__Prevotella;s__Prevotella copri_A"
"67","0.296978629329403",14.5020016244311,"d__Bacteria;p__Firmicutes_C;c__Negativicutes;o__Acidaminococcales;f__Acidaminococcaceae;g__Phascolarctobacterium;s__Phascolarctobacterium faecium"
"30","0.412393162393162",14.4237787038993,"d__Bacteria;p__Bacteroidota;c__Bacteroidia;o__Bacteroidales;f__Bacteroidaceae;g__Prevotella;s__Prevotella sp003447235"
"70","0.602409638554217",14.4056217094516,"d__Bacteria;p__Firmicutes;c__Bacilli;o__Erysipelotrichales;f__Erysipelotrichaceae;g__Clostridium_AQ;s__Clostridium_AQ innocuum"
"59","1.04545454545455",14.4013824431185,"d__Bacteria;p__Firmicutes_A;c__Clostridia;o__Peptostreptococcales;f__Anaerovoracaceae;g__CAG-238;s__CAG-238 sp000435615"
"48","0.962264150943396",14.3615736256562,"d__Bacteria;p__Firmicutes_A;c__Clostridia;o__Lachnospirales;f__Lachnospiraceae;g__CAG-791;s__CAG-791 sp000431495"
"26","0.516260162601626",14.2976179344688,"d__Bacteria;p__Bacteroidota;c__Bacteroidia;o__Bacteroidales;f__Bacteroidaceae;g__Prevotella;s__Prevotella sp000434975"
"76","0.901639344262295",14.2704612606372,"d__Bacteria;p__Firmicutes;c__Bacilli;o__RF39;f__UBA660;g__CAG-628;s__CAG-628 sp003524085"
"44","0.98",14.2325577150208,"d__Bacteria;p__Bacteroidota;c__Bacteroidia;o__Bacteroidales;f__UBA932;g__RC9;s__RC9 sp900545245"
"39","0.776470588235294",14.0731720430482,"d__Bacteria;p__Bacteroidota;c__Bacteroidia;o__Bacteroidales;f__Muribaculaceae;g__CAG-873;s__CAG-873 sp001701165"
"56","0.838235294117647",13.755792652828,"d__Bacteria;p__Firmicutes_A;c__Clostridia;o__Oscillospirales;f__Ruminococcaceae;g__Ruminiclostridium_E;s__Ruminiclostridium_E sp003512525"
"60","1.52941176470588",13.6440856311065,"d__Bacteria;p__Firmicutes_A;c__Clostridia;o__Peptostreptococcales;f__Anaerovoracaceae;g__CAG-238;s__CAG-238 sp900551415"
"75","0.808219178082192",13.6249361595139,"d__Bacteria;p__Firmicutes;c__Bacilli;o__RF39;f__UBA660;g__CAG-628;s__CAG-628 sp000438415"
"4","3.33333333333333",13.1442179181806,"d__Archaea;p__Thermoplasmatota;c__Thermoplasmata;o__Methanomassiliicoccales;f__Methanomethylophilaceae;g__UBA71;s__"
"13","0.738095238095238",12.9946151124948,"d__Bacteria;p__Actinobacteriota;c__Coriobacteriia;o__Coriobacteriales;f__Coriobacteriaceae;g__Collinsella;s__Collinsella aerofaciens_G"
"18","0.952380952380952",12.4304148818655,"d__Bacteria;p__Actinobacteriota;c__Coriobacteriia;o__Coriobacteriales;f__Coriobacteriaceae;g__Collinsella;s__Collinsella sp003469205"
"20","1.02857142857143",12.4175090958271,"d__Bacteria;p__Actinobacteriota;c__Coriobacteriia;o__Coriobacteriales;f__Coriobacteriaceae;g__Collinsella;s__Collinsella tanakaei"
"74","0.753424657534247",12.3341728267895,"d__Bacteria;p__Firmicutes;c__Bacilli;o__RF39;f__UBA660;g__CAG-533;s__CAG-533 sp000434495"
"27","1",12.1613849615169,"d__Bacteria;p__Bacteroidota;c__Bacteroidia;o__Bacteroidales;f__Bacteroidaceae;g__Prevotella;s__Prevotella sp000435635"
"14","0.849056603773585",12.1418187907284,"d__Bacteria;p__Actinobacteriota;c__Coriobacteriia;o__Coriobacteriales;f__Coriobacteriaceae;g__Collinsella;s__Collinsella aerofaciens_J"
"37","0.849056603773585",12.1418187907284,"d__Bacteria;p__Bacteroidota;c__Bacteroidia;o__Bacteroidales;f__Muribaculaceae;g__CAG-1031;s__CAG-1031 sp000431215"
"77","0.849056603773585",12.1418187907284,"d__Bacteria;p__Firmicutes;c__Bacilli;o__RFN20;f__CAG-288;g__CAG-288;s__CAG-288 sp000437395"
"88","0.909090909090909",11.9936454460511,"d__Bacteria;p__Verrucomicrobiota;c__Kiritimatiellae;o__RFP12;f__UBA1067;g__RUG572;s__RUG572 sp900547945"
"10","0.945945945945946",11.4808079173702,"d__Bacteria;p__Actinobacteriota;c__Coriobacteriia;o__Coriobacteriales;f__Atopobiaceae;g__Olsenella;s__Olsenella sp900538935"
"79","1.125",11.3186320629853,"d__Bacteria;p__Firmicutes;c__Bacilli;o__RFN20;f__CAG-288;g__UBA7642;s__UBA7642 sp900549915"
"41","0.594827586206897",11.3100315404775,"d__Bacteria;p__Bacteroidota;c__Bacteroidia;o__Bacteroidales;f__UBA932;g__RC9;s__RC9 sp000431015"
"19","0.944444444444444",11.2841411632998,"d__Bacteria;p__Actinobacteriota;c__Coriobacteriia;o__Coriobacteriales;f__Coriobacteriaceae;g__Collinsella;s__Collinsella sp900540945"
"72","0.944444444444444",11.2841411632998,"d__Bacteria;p__Firmicutes;c__Bacilli;o__Erysipelotrichales;f__Erysipelotrichaceae;g__Holdemanella;s__Holdemanella sp003458715"
"43","0.863636363636364",11.1910664470286,"d__Bacteria;p__Bacteroidota;c__Bacteroidia;o__Bacteroidales;f__UBA932;g__RC9;s__RC9 sp900544195"
"46","0.408668730650155",10.7613361920278,"d__Bacteria;p__Firmicutes_A;c__Clostridia_A;o__Christensenellales;f__CAG-138;g__Phil1;s__Phil1 sp001940855"
"15","0.6625",10.7503576810256,"d__Bacteria;p__Actinobacteriota;c__Coriobacteriia;o__Coriobacteriales;f__Coriobacteriaceae;g__Collinsella;s__Collinsella intestinalis"
"66","0.314320388349515",10.741706672922,"d__Bacteria;p__Firmicutes_C;c__Negativicutes;o__Acidaminococcales;f__Acidaminococcaceae;g__Phascolarctobacterium_A;s__Phascolarctobacterium_A succinatutens"
"64","0.939393939393939",10.6786438890834,"d__Bacteria;p__Firmicutes_A;c__Clostridia;o__TANB77;f__CAG-508;g__CAG-269;s__CAG-269 sp001916065"
"9","0.853658536585366",10.588711454359,"d__Bacteria;p__Actinobacteriota;c__Coriobacteriia;o__Coriobacteriales;f__Atopobiaceae;g__Olsenella_E;s__Olsenella_E sp003609875"
"52","0.598039215686274",10.5605160318267,"d__Bacteria;p__Firmicutes_A;c__Clostridia;o__Lachnospirales;f__Lachnospiraceae;g__Lachnospira;s__Lachnospira sp003537285"
"6","0.736842105263158",10.3609734097131,"d__Bacteria;p__Actinobacteriota;c__Actinomycetia;o__Actinomycetales;f__Bifidobacteriaceae;g__Bifidobacterium;s__Bifidobacterium animalis"
"80","1.15789473684211",10.3429991536734,"d__Bacteria;p__Firmicutes;c__Bacilli;o__RFN20;f__CAG-826;g__UBA733;s__UBA733 sp900539595"
"61","1.26666666666667",10.1811953519071,"d__Bacteria;p__Firmicutes_A;c__Clostridia;o__Peptostreptococcales;f__Anaerovoracaceae;g__UMGS973;s__UMGS973 sp900547295"
"22","0.829268292682927",10.1747217482779,"d__Bacteria;p__Actinobacteriota;c__Coriobacteriia;o__Coriobacteriales;f__Eggerthellaceae;g__Senegalimassilia;s__Senegalimassilia anaerobia"
"71","0.447488584474886",10.0587543429159,"d__Bacteria;p__Firmicutes;c__Bacilli;o__Erysipelotrichales;f__Erysipelotrichaceae;g__Holdemanella;s__Holdemanella biformis"
"58","0.644736842105263",10.0052400987837,"d__Bacteria;p__Firmicutes_A;c__Clostridia;o__Oscillospirales;f__UBA644;g__UBA644;s__UBA644 sp900547165"
