"","frac","Z","Lineage"
"13","0.20023282887078",1604.90180038441,"d__Bacteria;p__Bacteroidota;c__Bacteroidia;o__Bacteroidales;f__Bacteroidaceae;g__Phocaeicola;s__Phocaeicola dorei"
"10","0.0886292390994585",785.882410439753,"d__Bacteria;p__Bacteroidota;c__Bacteroidia;o__Bacteroidales;f__Bacteroidaceae;g__Bacteroides;s__Bacteroides uniformis"
"20","0.0023551577955723",136.186560020537,"d__Bacteria;p__Firmicutes_A;c__Clostridia;o__Lachnospirales;f__Lachnospiraceae;g__Agathobacter;s__Agathobacter rectalis"
"45","0.488805970149254",84.285725612143,"d__Bacteria;p__Proteobacteria;c__Gammaproteobacteria;o__Enterobacterales;f__Enterobacteriaceae;g__Salmonella;s__Salmonella enterica"
"11","0.493023255813954",73.4157429088337,"d__Bacteria;p__Bacteroidota;c__Bacteroidia;o__Bacteroidales;f__Bacteroidaceae;g__Bacteroides;s__Bacteroides xylanisolvens"
"33","0.649253731343284",72.2212235579167,"d__Bacteria;p__Proteobacteria;c__Gammaproteobacteria;o__Enterobacterales;f__Enterobacteriaceae;g__Enterobacter;s__Enterobacter hormaechei_A"
"48","0.8",63.2308288283811,"d__Bacteria;p__Proteobacteria;c__Gammaproteobacteria;o__Pseudomonadales;f__Moraxellaceae;g__Acinetobacter;s__Acinetobacter baumannii"
"23","0.2",58.9314029005964,"d__Bacteria;p__Firmicutes_A;c__Clostridia;o__Lachnospirales;f__Lachnospiraceae;g__Roseburia;s__Roseburia intestinalis"
"44","7",56.8573962279231,"d__Bacteria;p__Proteobacteria;c__Gammaproteobacteria;o__Enterobacterales;f__Enterobacteriaceae;g__Pseudescherichia;s__Pseudescherichia sp002298805"
"37","0.733333333333333",43.2311103958798,"d__Bacteria;p__Proteobacteria;c__Gammaproteobacteria;o__Enterobacterales;f__Enterobacteriaceae;g__Klebsiella;s__Klebsiella aerogenes"
"8","0.127629733520337",42.0159281211512,"d__Bacteria;p__Bacteroidota;c__Bacteroidia;o__Bacteroidales;f__Bacteroidaceae;g__Bacteroides;s__Bacteroides stercoris"
"4","0.139646869983949",41.4486336385492,"d__Bacteria;p__Bacteroidota;c__Bacteroidia;o__Bacteroidales;f__Bacteroidaceae;g__Bacteroides;s__Bacteroides fragilis"
"6","0.110591900311526",32.5338134525973,"d__Bacteria;p__Bacteroidota;c__Bacteroidia;o__Bacteroidales;f__Bacteroidaceae;g__Bacteroides;s__Bacteroides ovatus"
"15","0.115384615384615",28.7700133980734,"d__Bacteria;p__Bacteroidota;c__Bacteroidia;o__Bacteroidales;f__Bacteroidaceae;g__Phocaeicola;s__Phocaeicola plebeius_A"
"34","0.785714285714286",24.5551432925933,"d__Bacteria;p__Proteobacteria;c__Gammaproteobacteria;o__Enterobacterales;f__Enterobacteriaceae;g__Enterobacter;s__Enterobacter kobei"
"30","1",21.785823274802,"d__Bacteria;p__Proteobacteria;c__Gammaproteobacteria;o__Enterobacterales;f__Enterobacteriaceae;g__Cronobacter;s__Cronobacter sakazakii"
"46","0.428571428571429",21.6218193917336,"d__Bacteria;p__Proteobacteria;c__Gammaproteobacteria;o__Enterobacterales;f__Enterobacteriaceae;g__Serratia;s__Serratia marcescens_I"
"22","0.166666666666667",21.56120812012,"d__Bacteria;p__Firmicutes_A;c__Clostridia;o__Lachnospirales;f__Lachnospiraceae;g__COE1;s__COE1 sp001916965"
"42","0.394736842105263",20.7745797478905,"d__Bacteria;p__Proteobacteria;c__Gammaproteobacteria;o__Enterobacterales;f__Enterobacteriaceae;g__Proteus;s__Proteus mirabilis"
"39","0.875",20.3947308796141,"d__Bacteria;p__Proteobacteria;c__Gammaproteobacteria;o__Enterobacterales;f__Enterobacteriaceae;g__Mixta;s__Mixta calida"
"2","0.121621621621622",20.1806304834541,"d__Bacteria;p__Bacteroidota;c__Bacteroidia;o__Bacteroidales;f__Bacteroidaceae;g__Bacteroides;s__Bacteroides caccae"
"35","0.833333333333333",16.6987727397869,"d__Bacteria;p__Proteobacteria;c__Gammaproteobacteria;o__Enterobacterales;f__Enterobacteriaceae;g__Enterobacter;s__Enterobacter sichuanensis"
"14","0.0950920245398773",16.1746615473028,"d__Bacteria;p__Bacteroidota;c__Bacteroidia;o__Bacteroidales;f__Bacteroidaceae;g__Phocaeicola;s__Phocaeicola massiliensis"
"1","2",16.1528690047312,"d__Bacteria;p__Bacteroidota;c__Bacteroidia;o__Bacteroidales;f__Bacteroidaceae;g__Bacteroides;s__Bacteroides acidifaciens"
"7","2",16.1528690047312,"d__Bacteria;p__Bacteroidota;c__Bacteroidia;o__Bacteroidales;f__Bacteroidaceae;g__Bacteroides;s__Bacteroides sp002491635"
"49","2",16.1528690047312,"d__Bacteria;p__Proteobacteria;c__Gammaproteobacteria;o__Pseudomonadales;f__Moraxellaceae;g__Acinetobacter;s__Acinetobacter courvalinii"
"24","0.276595744680851",16.0996689924051,"d__Bacteria;p__Firmicutes_A;c__Clostridia;o__Lachnospirales;f__Lachnospiraceae;g__Roseburia;s__Roseburia sp003470905"
"36","0.5",15.4422996788265,"d__Bacteria;p__Proteobacteria;c__Gammaproteobacteria;o__Enterobacterales;f__Enterobacteriaceae;g__Escherichia;s__Escherichia marmotae"
"43","0.8",14.5700048866858,"d__Bacteria;p__Proteobacteria;c__Gammaproteobacteria;o__Enterobacterales;f__Enterobacteriaceae;g__Providencia;s__Providencia rettgeri_D"
"18","0.235294117647059",14.1880101000348,"d__Bacteria;p__Bacteroidota;c__Bacteroidia;o__Bacteroidales;f__Bacteroidaceae;g__Prevotella;s__Prevotella sp900540415"
"17","1",14.0458007963283,"d__Bacteria;p__Bacteroidota;c__Bacteroidia;o__Bacteroidales;f__Bacteroidaceae;g__Prevotella;s__Prevotella melaninogenica"
"28","1",14.0458007963283,"d__Bacteria;p__Proteobacteria;c__Gammaproteobacteria;o__Enterobacterales;f__Enterobacteriaceae;g__Citrobacter_A;s__Citrobacter_A farmeri"
"32","1",14.0458007963283,"d__Bacteria;p__Proteobacteria;c__Gammaproteobacteria;o__Enterobacterales;f__Enterobacteriaceae;g__Enterobacter;s__Enterobacter chengduensis"
"5","0.184210526315789",13.6816368283268,"d__Bacteria;p__Bacteroidota;c__Bacteroidia;o__Bacteroidales;f__Bacteroidaceae;g__Bacteroides;s__Bacteroides fragilis_A"
"19","0.0425101214574899",13.6286215266492,"d__Bacteria;p__Bacteroidota;c__Bacteroidia;o__Bacteroidales;f__Tannerellaceae;g__Parabacteroides;s__Parabacteroides merdae"
"21","0.555555555555556",13.6284811979664,"d__Bacteria;p__Firmicutes_A;c__Clostridia;o__Lachnospirales;f__Lachnospiraceae;g__Agathobacter;s__Agathobacter sp900552085"
"27","0.666666666666667",13.2943112348011,"d__Bacteria;p__Proteobacteria;c__Gammaproteobacteria;o__Enterobacterales;f__Enterobacteriaceae;g__Citrobacter_A;s__Citrobacter_A amalonaticus"
"12","0.0742857142857143",12.5461711550954,"d__Bacteria;p__Bacteroidota;c__Bacteroidia;o__Bacteroidales;f__Bacteroidaceae;g__Phocaeicola;s__Phocaeicola coprocola"
"3","0.105555555555556",12.3054175338304,"d__Bacteria;p__Bacteroidota;c__Bacteroidia;o__Bacteroidales;f__Bacteroidaceae;g__Bacteroides;s__Bacteroides eggerthii"
"41","0.571428571428571",12.2987788077449,"d__Bacteria;p__Proteobacteria;c__Gammaproteobacteria;o__Enterobacterales;f__Enterobacteriaceae;g__Pluralibacter;s__Pluralibacter gergoviae"
"26","0.0499219968798752",11.687176756662,"d__Bacteria;p__Firmicutes_A;c__Clostridia;o__Lachnospirales;f__Lachnospiraceae;g__Roseburia;s__Roseburia sp900552665"
"16","1",11.4081444930319,"d__Bacteria;p__Bacteroidota;c__Bacteroidia;o__Bacteroidales;f__Bacteroidaceae;g__Phocaeicola;s__Phocaeicola sp900551445"
"25","1",11.4081444930319,"d__Bacteria;p__Firmicutes_A;c__Clostridia;o__Lachnospirales;f__Lachnospiraceae;g__Roseburia;s__Roseburia sp900548205"
"29","1",11.4081444930319,"d__Bacteria;p__Proteobacteria;c__Gammaproteobacteria;o__Enterobacterales;f__Enterobacteriaceae;g__Cronobacter;s__Cronobacter malonaticus"
"38","1",11.4081444930319,"d__Bacteria;p__Proteobacteria;c__Gammaproteobacteria;o__Enterobacterales;f__Enterobacteriaceae;g__Kluyvera;s__Kluyvera sp902363335"
"47","1",11.4081444930319,"d__Bacteria;p__Proteobacteria;c__Gammaproteobacteria;o__Enterobacterales;f__Enterobacteriaceae;g__Yersinia;s__Yersinia pestis"
"40","0.6",10.8539311436913,"d__Bacteria;p__Proteobacteria;c__Gammaproteobacteria;o__Enterobacterales;f__Enterobacteriaceae;g__Phytobacter;s__Phytobacter ursingii"
"9","0.0694006309148265",10.7181305856851,"d__Bacteria;p__Bacteroidota;c__Bacteroidia;o__Bacteroidales;f__Bacteroidaceae;g__Bacteroides;s__Bacteroides thetaiotaomicron"
"31","0.260869565217391",10.2018406168395,"d__Bacteria;p__Proteobacteria;c__Gammaproteobacteria;o__Enterobacterales;f__Enterobacteriaceae;g__Enterobacter;s__Enterobacter asburiae_B"
