"","frac","Z","Lineage"
"11","0.000471031559114461",419.072581273761,"d__Bacteria;p__Firmicutes_A;c__Clostridia;o__Lachnospirales;f__Lachnospiraceae;g__Agathobacter;s__Agathobacter rectalis"
"85","0",211.414849931553,"d__Bacteria;p__Proteobacteria;c__Gammaproteobacteria;o__Enterobacterales;f__Enterobacteriaceae;g__Escherichia;s__Escherichia coli_D"
"49","0.984441301272984",137.086187587467,"d__Bacteria;p__Firmicutes;c__Bacilli;o__Erysipelotrichales;f__Erysipelatoclostridiaceae;g__Faecalibacillus;s__Faecalibacillus intestinalis"
"46","0.926666666666667",66.1328194272709,"d__Bacteria;p__Firmicutes;c__Bacilli;o__Erysipelotrichales;f__Erysipelatoclostridiaceae;g__Erysipelatoclostridium;s__Erysipelatoclostridium ramosum"
"59","0.87248322147651",61.5105600275187,"d__Bacteria;p__Firmicutes;c__Bacilli;o__RF39;f__UBA660;g__CAG-302;s__CAG-302 sp001916775"
"19","0.97489539748954",59.9725525482704,"d__Bacteria;p__Firmicutes_A;c__Clostridia;o__TANB77;f__CAG-508;g__CAG-245;s__CAG-245 sp000435175"
"12","0.990740740740741",57.1100954282184,"d__Bacteria;p__Firmicutes_A;c__Clostridia;o__Peptostreptococcales;f__Peptostreptococcaceae;g__Clostridioides;s__Clostridioides difficile"
"58","0.85531914893617",51.1948525920915,"d__Bacteria;p__Firmicutes;c__Bacilli;o__RF39;f__UBA660;g__CAG-302;s__CAG-302 sp000431795"
"22","1.05095541401274",49.703257973439,"d__Bacteria;p__Firmicutes_A;c__Clostridia;o__TANB77;f__CAG-508;g__CAG-269;s__CAG-269 sp000431335"
"36","0.951086956521739",49.1845679869241,"d__Bacteria;p__Firmicutes_A;c__Clostridia;o__TANB77;f__CAG-508;g__CAG-273;s__CAG-273 sp003534295"
"17","1.27551020408163",46.0917563527475,"d__Bacteria;p__Firmicutes_A;c__Clostridia;o__TANB77;f__CAG-465;g__CAG-465;s__CAG-465 sp000433755"
"44","0.952702702702703",42.9533568415103,"d__Bacteria;p__Firmicutes;c__Bacilli;o__Acholeplasmatales;f__Anaeroplasmataceae;g__CAG-307;s__CAG-307 sp001916215"
"28","0.938356164383562",41.8747454491497,"d__Bacteria;p__Firmicutes_A;c__Clostridia;o__TANB77;f__CAG-508;g__CAG-269;s__CAG-269 sp003525075"
"48","0.9921875",41.0932080890137,"d__Bacteria;p__Firmicutes;c__Bacilli;o__Erysipelotrichales;f__Erysipelatoclostridiaceae;g__Faecalibacillus;s__Faecalibacillus faecis"
"41","1.13684210526316",39.9090347024394,"d__Bacteria;p__Firmicutes_A;c__Clostridia;o__TANB77;f__CAG-508;g__CAG-492;s__CAG-492 sp000434335"
"61","0.981481481481482",36.6270615471328,"d__Bacteria;p__Firmicutes;c__Bacilli;o__RF39;f__UBA660;g__CAG-417;s__CAG-417 sp000432835"
"32","0.945454545454545",35.5193210081211,"d__Bacteria;p__Firmicutes_A;c__Clostridia;o__TANB77;f__CAG-508;g__CAG-273;s__CAG-273 sp000435755"
"33","0.927927927927928",34.9727902386467,"d__Bacteria;p__Firmicutes_A;c__Clostridia;o__TANB77;f__CAG-508;g__CAG-273;s__CAG-273 sp000437855"
"52","0.97979797979798",34.703004170936,"d__Bacteria;p__Firmicutes;c__Bacilli;o__ML615J-28;f__CAG-313;g__CAG-313;s__CAG-313 sp000433035"
"37","1",34.2061602258307,"d__Bacteria;p__Firmicutes_A;c__Clostridia;o__TANB77;f__CAG-508;g__CAG-354;s__CAG-354 sp001915925"
"53","0.825396825396825",33.0883827199823,"d__Bacteria;p__Firmicutes;c__Bacilli;o__ML615J-28;f__CAG-313;g__CAG-313;s__CAG-313 sp003539625"
"3","0.911764705882353",32.5938326518569,"d__Bacteria;p__Firmicutes_A;c__Clostridia;o__Clostridiales;f__Clostridiaceae;g__Clostridium_P;s__Clostridium_P perfringens"
"39","0.977272727272727",32.2712810427761,"d__Bacteria;p__Firmicutes_A;c__Clostridia;o__TANB77;f__CAG-508;g__CAG-452;s__CAG-452 sp000434035"
"64","0.964705882352941",31.1663366191722,"d__Bacteria;p__Firmicutes;c__Bacilli;o__RF39;f__UBA660;g__CAG-460;s__CAG-460 sp000437315"
"75","0.972602739726027",28.7779447778575,"d__Bacteria;p__Firmicutes;c__Bacilli;o__RF39;f__UBA660;g__CAG-628;s__CAG-628 sp000438415"
"71","1",28.7294758369205,"d__Bacteria;p__Firmicutes;c__Bacilli;o__RF39;f__UBA660;g__CAG-594;s__CAG-594 sp000434835"
"60","0.957142857142857",27.5893385144345,"d__Bacteria;p__Firmicutes;c__Bacilli;o__RF39;f__UBA660;g__CAG-302;s__CAG-302 sp900543825"
"23","1",26.5133186276842,"d__Bacteria;p__Firmicutes_A;c__Clostridia;o__TANB77;f__CAG-508;g__CAG-269;s__CAG-269 sp000437215"
"34","0.938461538461538",25.859264359621,"d__Bacteria;p__Firmicutes_A;c__Clostridia;o__TANB77;f__CAG-508;g__CAG-273;s__CAG-273 sp000438355"
"62","1",25.4908026517285,"d__Bacteria;p__Firmicutes;c__Bacilli;o__RF39;f__UBA660;g__CAG-433;s__CAG-433 sp000433675"
"15","0.793103448275862",25.3230852981508,"d__Bacteria;p__Firmicutes_A;c__Clostridia;o__Peptostreptococcales;f__Peptostreptococcaceae;g__Romboutsia;s__Romboutsia timonensis"
"65","0.950819672131147",25.3020187629194,"d__Bacteria;p__Firmicutes;c__Bacilli;o__RF39;f__UBA660;g__CAG-460;s__CAG-460 sp000437355"
"18","0.96551724137931",25.0085276980672,"d__Bacteria;p__Firmicutes_A;c__Clostridia;o__TANB77;f__CAG-508;g__CAG-245;s__CAG-245 sp000434195"
"76","0.934426229508197",24.8143296194313,"d__Bacteria;p__Firmicutes;c__Bacilli;o__RF39;f__UBA660;g__CAG-628;s__CAG-628 sp003524085"
"6","0.865671641791045",24.0289245283634,"d__Bacteria;p__Firmicutes_A;c__Clostridia;o__Clostridiales;f__Clostridiaceae;g__Clostridium;s__Clostridium paraputrificum"
"77","1.04347826086957",23.9117768539711,"d__Bacteria;p__Firmicutes;c__Bacilli;o__RF39;f__UBA660;g__CAG-710;s__CAG-710 sp000432595"
"55","0.863636363636364",23.7584208257888,"d__Bacteria;p__Firmicutes;c__Bacilli;o__RF39;f__UBA660;g__CAG-1000;s__CAG-1000 sp000434555"
"67","0.96",22.8428077405224,"d__Bacteria;p__Firmicutes;c__Bacilli;o__RF39;f__UBA660;g__CAG-460;s__CAG-460 sp900544625"
"45","0.866666666666667",22.5840917679485,"d__Bacteria;p__Firmicutes;c__Bacilli;o__Erysipelotrichales;f__Erysipelatoclostridiaceae;g__Coprobacillus;s__Coprobacillus cateniformis"
"4","1.02380952380952",22.2504000258363,"d__Bacteria;p__Firmicutes_A;c__Clostridia;o__Clostridiales;f__Clostridiaceae;g__Clostridium;s__Clostridium butyricum"
"13","0.905660377358491",22.1158057932785,"d__Bacteria;p__Firmicutes_A;c__Clostridia;o__Peptostreptococcales;f__Peptostreptococcaceae;g__Intestinibacter;s__Intestinibacter bartlettii"
"69","0.767123287671233",21.9989859374212,"d__Bacteria;p__Firmicutes;c__Bacilli;o__RF39;f__UBA660;g__CAG-533;s__CAG-533 sp000434495"
"5","1.17241379310345",21.0484081909787,"d__Bacteria;p__Firmicutes_A;c__Clostridia;o__Clostridiales;f__Clostridiaceae;g__Clostridium;s__Clostridium neonatale"
"35","0.930232558139535",20.2604657045526,"d__Bacteria;p__Firmicutes_A;c__Clostridia;o__TANB77;f__CAG-508;g__CAG-273;s__CAG-273 sp003507395"
"38","0.909090909090909",19.9999827670801,"d__Bacteria;p__Firmicutes_A;c__Clostridia;o__TANB77;f__CAG-508;g__CAG-354;s__CAG-354 sp900552655"
"81","0.95",19.9226143272645,"d__Bacteria;p__Firmicutes;c__Bacilli;o__RF39;f__UBA660;g__UBA3631;s__UBA3631 sp900546275"
"40","1.03030303030303",19.6014488108433,"d__Bacteria;p__Firmicutes_A;c__Clostridia;o__TANB77;f__CAG-508;g__CAG-492;s__CAG-492 sp000434015"
"83","0.811320754716981",19.5251550123136,"d__Bacteria;p__Firmicutes;c__Bacilli;o__RFN20;f__CAG-288;g__CAG-288;s__CAG-288 sp000437395"
"27","1",18.9627563332527,"d__Bacteria;p__Firmicutes_A;c__Clostridia;o__TANB77;f__CAG-508;g__CAG-269;s__CAG-269 sp001916065"
"43","0.944444444444444",18.6677750734741,"d__Bacteria;p__Firmicutes_A;c__Clostridia;o__TANB77;f__CAG-508;g__UMGS1781;s__UMGS1781 sp900553695"
"24","0.941176470588235",18.0171549626573,"d__Bacteria;p__Firmicutes_A;c__Clostridia;o__TANB77;f__CAG-508;g__CAG-269;s__CAG-269 sp001916005"
"73","0.939393939393939",17.6853713780716,"d__Bacteria;p__Firmicutes;c__Bacilli;o__RF39;f__UBA660;g__CAG-611;s__CAG-611 sp000434175"
"84","0.935483870967742",17.0077098727425,"d__Bacteria;p__Firmicutes;c__Bacilli;o__RFN20;f__CAG-826;g__CAG-826;s__CAG-826 sp000437235"
"26","0.96551724137931",16.9864700773323,"d__Bacteria;p__Firmicutes_A;c__Clostridia;o__TANB77;f__CAG-508;g__CAG-269;s__CAG-269 sp001916055"
"63","0.882352941176471",16.7567583452745,"d__Bacteria;p__Firmicutes;c__Bacilli;o__RF39;f__UBA660;g__CAG-451;s__CAG-451 sp000438295"
"82","1",16.6407305588965,"d__Bacteria;p__Firmicutes;c__Bacilli;o__RF39;f__UBA660;g__UBA7057;s__UBA7057 sp900542735"
"50","1.1",16.0402461064009,"d__Bacteria;p__Firmicutes;c__Bacilli;o__Haloplasmatales_A;f__Turicibacteraceae;g__Turicibacter;s__Turicibacter sanguinis"
"21","1",15.9318473361292,"d__Bacteria;p__Firmicutes_A;c__Clostridia;o__TANB77;f__CAG-508;g__CAG-269;s__"
"79","1",15.9318473361292,"d__Bacteria;p__Firmicutes;c__Bacilli;o__RF39;f__UBA660;g__CAG-914;s__CAG-914 sp000437895"
"72","0.96",15.5650023833976,"d__Bacteria;p__Firmicutes;c__Bacilli;o__RF39;f__UBA660;g__CAG-605;s__CAG-605 sp000433475"
"14","1.1875",15.4754644693745,"d__Bacteria;p__Firmicutes_A;c__Clostridia;o__Peptostreptococcales;f__Peptostreptococcaceae;g__Intestinibacter;s__Intestinibacter sp900540355"
"80","0.866666666666667",15.3279198643802,"d__Bacteria;p__Firmicutes;c__Bacilli;o__RF39;f__UBA660;g__CAG-988;s__CAG-988 sp003149915"
"57","1",14.4357335040564,"d__Bacteria;p__Firmicutes;c__Bacilli;o__RF39;f__UBA660;g__CAG-1193;s__CAG-1193 sp900550145"
"9","0.550724637681159",14.3830214436374,"d__Bacteria;p__Firmicutes_A;c__Clostridia;o__Clostridiales;f__Clostridiaceae;g__Clostridium;s__Clostridium sp900540255"
"25","1.05882352941176",14.0936892552015,"d__Bacteria;p__Firmicutes_A;c__Clostridia;o__TANB77;f__CAG-508;g__CAG-269;s__CAG-269 sp001916035"
"74","1",13.2287713922803,"d__Bacteria;p__Firmicutes;c__Bacilli;o__RF39;f__UBA660;g__CAG-611;s__CAG-611 sp900552235"
"7","1",12.8065345305754,"d__Bacteria;p__Firmicutes_A;c__Clostridia;o__Clostridiales;f__Clostridiaceae;g__Clostridium;s__Clostridium saudiense"
"47","1",12.8065345305754,"d__Bacteria;p__Firmicutes;c__Bacilli;o__Erysipelotrichales;f__Erysipelatoclostridiaceae;g__Erysipelatoclostridium;s__Erysipelatoclostridium spiroforme"
"54","1",12.8065345305754,"d__Bacteria;p__Firmicutes;c__Bacilli;o__ML615J-28;f__CAG-313;g__CAG-313;s__CAG-313 sp900539265"
"51","1",12.372759254362,"d__Bacteria;p__Firmicutes;c__Bacilli;o__Haloplasmatales_A;f__Turicibacteraceae;g__Turicibacter;s__Turicibacter sp001543345"
"10","0.941176470588235",12.3638535293591,"d__Bacteria;p__Firmicutes_A;c__Clostridia;o__Clostridiales;f__Clostridiaceae;g__Clostridium;s__Clostridium tertium"
"56","1.09090909090909",11.5553242742972,"d__Bacteria;p__Firmicutes;c__Bacilli;o__RF39;f__UBA660;g__CAG-1000;s__CAG-1000 sp000436975"
"66","0.882352941176471",11.498935666438,"d__Bacteria;p__Firmicutes;c__Bacilli;o__RF39;f__UBA660;g__CAG-460;s__CAG-460 sp000438075"
"1","1",11.4656240864134,"d__Bacteria;p__Firmicutes_A;c__Clostridia;o__Clostridiales;f__Clostridiaceae;g__Clostridium_F;s__Clostridium_F botulinum"
"20","1",11.4656240864134,"d__Bacteria;p__Firmicutes_A;c__Clostridia;o__TANB77;f__CAG-508;g__CAG-245;s__CAG-245 sp900552135"
"68","0.933333333333333",11.4559487510453,"d__Bacteria;p__Firmicutes;c__Bacilli;o__RF39;f__UBA660;g__CAG-460;s__CAG-460 sp900551525"
"70","0.933333333333333",11.4559487510453,"d__Bacteria;p__Firmicutes;c__Bacilli;o__RF39;f__UBA660;g__CAG-582;s__CAG-582 sp000435515"
"8","0.8",11.2267082993675,"d__Bacteria;p__Firmicutes_A;c__Clostridia;o__Clostridiales;f__Clostridiaceae;g__Clostridium;s__Clostridium sp001916075"
"42","0.875",11.0272479047093,"d__Bacteria;p__Firmicutes_A;c__Clostridia;o__TANB77;f__CAG-508;g__CAG-492;s__CAG-492 sp900553225"
"2","0.928571428571429",10.9794090936172,"d__Bacteria;p__Firmicutes_A;c__Clostridia;o__Clostridiales;f__Clostridiaceae;g__Clostridium_F;s__Clostridium_F botulinum_A"
"78","0.823529411764706",10.6340178035168,"d__Bacteria;p__Firmicutes;c__Bacilli;o__RF39;f__UBA660;g__CAG-878;s__CAG-878 sp000432255"
"30","1",10.4948773011349,"d__Bacteria;p__Firmicutes_A;c__Clostridia;o__TANB77;f__CAG-508;g__CAG-269;s__CAG-269 sp900554175"
"16","1.4",10.0365062357385,"d__Bacteria;p__Firmicutes_A;c__Clostridia;o__TANB77;f__CAG-465;g__CAG-465;s__"
"29","0.857142857142857",10.0325607576995,"d__Bacteria;p__Firmicutes_A;c__Clostridia;o__TANB77;f__CAG-508;g__CAG-269;s__CAG-269 sp900551615"
"31","0.857142857142857",10.0325607576995,"d__Bacteria;p__Firmicutes_A;c__Clostridia;o__TANB77;f__CAG-508;g__CAG-269;s__CAG-269 sp900556345"
